News_Source,Tweet,Date,Compound,Positive,Neutral,Negative,Tweets_Ago
BBC,Is India really the most dangerous country for women? https://t.co/XbSKKQbaO3,Thu Jun 28 00:16:51 +0000 2018,-0.5657,0.0,0.289,0.711,1
BBC,What do European governments want from the EU Summit? https://t.co/4EHTLBtXHm,Thu Jun 28 00:13:42 +0000 2018,0.0772,0.126,0.0,0.874,2
BBC,World Cup 2018: Mexico fans celebrate South Korean 'brothers' https://t.co/NgkaKULS9w,Wed Jun 27 23:39:58 +0000 2018,0.5719,0.291,0.0,0.709,3
BBC,Europe's migration crisis: Could it finish the EU? https://t.co/DVhyHlFgCQ,Wed Jun 27 23:37:17 +0000 2018,-0.6249,0.0,0.339,0.661,4
BBC,Revamped drug could save lives of many new mothers - WHO https://t.co/dXPz5nf1pD,Wed Jun 27 23:31:50 +0000 2018,0.4939,0.242,0.0,0.758,5
BBC,Supreme Court: Why a fight over US abortion law now looms https://t.co/dQIagzjGu1,Wed Jun 27 22:12:31 +0000 2018,0.1027,0.228,0.266,0.506,6
BBC,Five attempts to make toys more inclusive https://t.co/q0TD2r1nlH,Wed Jun 27 21:34:47 +0000 2018,0.0,0.0,0.0,1.0,7
BBC,Asylum seekers in Ireland to be allowed to work https://t.co/733eZAPPjj,Wed Jun 27 21:22:33 +0000 2018,0.0,0.0,0.0,1.0,8
BBC,Flamingo that escaped a zoo in 2005 spotted in Texas https://t.co/jHKFQFdCxg,Wed Jun 27 19:54:02 +0000 2018,0.0,0.0,0.0,1.0,9
BBC,Antwon Rose: Pittsburgh officer charged with criminal homicide https://t.co/WKZw6ZUuuq,Wed Jun 27 19:25:28 +0000 2018,-0.6369,0.0,0.426,0.574,10
BBC,RT @awzurcher: Your daily ‚Äúelections have consequences‚Äù reminder. If Hillary Clinton had won we‚Äôd be looking at a 6-3 liberal majority on t‚Ä¶,Wed Jun 27 18:52:22 +0000 2018,0.5719,0.15,0.0,0.85,11
BBC,Trump Supreme Court pick: Why is the US top court so important? https://t.co/580QVujKIz,Wed Jun 27 18:47:17 +0000 2018,0.7574,0.428,0.0,0.572,12
BBC,Trump-Putin summit agreed by US and Russia in principle https://t.co/H20hvks2hD,Wed Jun 27 18:33:54 +0000 2018,0.2732,0.189,0.0,0.811,13
BBC,"RT @awzurcher: Without Anthony Kennedy on the US Supreme Court, there really won't be a swing justice. Whoever replaces him will move the C‚Ä¶",Wed Jun 27 18:28:47 +0000 2018,0.2081,0.132,0.101,0.767,14
BBC,Migrant rescue ship Lifeline docks in Malta after days at sea https://t.co/pLQhBmVTbl,Wed Jun 27 18:20:44 +0000 2018,0.5106,0.231,0.0,0.769,15
BBC,"RT @BBCBreaking: A Supreme Court justice is to retire, giving President Trump the chance to reshape the top US court https://t.co/OC80dTFbCL",Wed Jun 27 18:18:56 +0000 2018,0.9042,0.468,0.0,0.532,16
BBC,US Supreme Court judge to retire https://t.co/Q2SoQLC0HF,Wed Jun 27 18:18:12 +0000 2018,0.5574,0.375,0.0,0.625,17
BBC,Where are heterosexual civil partnerships legal? https://t.co/L4EW8Xrfai,Wed Jun 27 17:38:31 +0000 2018,0.128,0.2,0.0,0.8,18
BBC,Thailand cave rescue: How would you survive in a cave? https://t.co/eOxaFwfBXL,Wed Jun 27 17:21:19 +0000 2018,0.5106,0.268,0.0,0.732,19
BBC,Saudi TV presenter investigated over 'indecent' clothing https://t.co/R3piggod6s,Wed Jun 27 17:00:49 +0000 2018,0.0,0.0,0.0,1.0,20
BBC,Chemical weapons: New watchdog powers an important step https://t.co/tO3e5qzzB4,Wed Jun 27 16:50:38 +0000 2018,-0.2732,0.154,0.248,0.598,21
BBC,Joe Jackson: Patriarch of Jackson family dies aged 89 https://t.co/J4f5joitPL,Wed Jun 27 16:43:09 +0000 2018,0.0,0.0,0.0,1.0,22
BBC,Galapagos' Sierra Negra volcano eruption triggers evacuation https://t.co/oZchuUuOJI,Wed Jun 27 16:22:48 +0000 2018,0.0,0.0,0.0,1.0,23
BBC,OPCW chemical watchdog gains power to assign blame https://t.co/AZW3dyG0SG,Wed Jun 27 16:07:08 +0000 2018,0.0,0.203,0.203,0.593,24
BBC,"RT @BBCSport: Auf Wiedersehen...

DEFENDING CHAMPIONS GERMANY ARE OUT OF THE #WORLDCUP!

FT: #KOR 2-0 #GER 

https://t.co/ukXULQ5cJx
#KORGE‚Ä¶",Wed Jun 27 15:58:53 +0000 2018,0.6625,0.207,0.0,0.793,25
BBC,"RT @BBCSport: GOAL!

Another for #KOR! Manuel Neuer surrenders possession in the opposing half, South Korea hoof it up and tuck it into an‚Ä¶",Wed Jun 27 15:56:15 +0000 2018,0.0,0.0,0.0,1.0,26
BBC,"RT @BBCSport: FT #MEX 0-3 #SWE 

Incredible from Sweden. They're through to the #WorldCup knockout stages after thrashing Mexico.

Full-tim‚Ä¶",Wed Jun 27 15:53:10 +0000 2018,0.0,0.0,0.0,1.0,27
BBC,"RT @BBCSport: GOAL!

IT'S BEEN GIVEN!

#KOR 1-0 #GER 

VAR has given Kim's goal and Germany are heading out!

https://t.co/ukXULQ5cJx #Worl‚Ä¶",Wed Jun 27 15:52:55 +0000 2018,0.0,0.0,0.0,1.0,28
BBC,Isle of Man diocese to review alleged abuse by clergy https://t.co/F3jTZRmnrD,Wed Jun 27 13:43:19 +0000 2018,-0.6369,0.0,0.296,0.704,29
BBC,RT @bbcweather: Severe storms hit Greece https://t.co/jBX3GXCaPz Jo https://t.co/AJcQvJwSYY,Wed Jun 27 13:29:08 +0000 2018,-0.3818,0.0,0.245,0.755,30
BBC,RT @BBCPolitics: Thank goodness he didn't do the crotch grab! üò≥ Culture secretary @MattHancock learns to moonwalk at the opening of the Mic‚Ä¶,Wed Jun 27 13:27:14 +0000 2018,0.6996,0.208,0.0,0.792,31
BBC,Leo Varadkar defends the newly appointed Garda chief https://t.co/ZT9YnZ6wZw,Wed Jun 27 13:16:01 +0000 2018,0.0,0.0,0.0,1.0,32
BBC,Jersey to introduce same sex marriage from 1 July https://t.co/kdVcj1c37S,Wed Jun 27 13:06:09 +0000 2018,0.0,0.0,0.0,1.0,33
BBC,Spain 'new wolf pack' gang held over Gran Canaria sex attack https://t.co/fubEnFklpI,Wed Jun 27 12:58:30 +0000 2018,-0.4767,0.0,0.22,0.78,34
BBC,Syria war: Air strikes knock out hospitals in Deraa https://t.co/dZIJabp0JT,Wed Jun 27 11:58:47 +0000 2018,-0.7506,0.0,0.444,0.556,35
BBC,"RT @BBCSport: Just look at it üòç

A new match ball will be used for the knockout stage of the #WorldCup, Fifa has announced. 

üëâ https://t.c‚Ä¶",Wed Jun 27 11:40:21 +0000 2018,0.4588,0.091,0.0,0.909,36
BBC,Algeria's powerful police chief Gen Abdelghani Hamel sacked https://t.co/2KrFJOJoAp,Wed Jun 27 11:37:22 +0000 2018,0.4215,0.259,0.0,0.741,37
BBC,"RT @bbcstories: ‚ö°Ô∏è ‚ÄúThe FBI said I was my parents' stolen baby - but I found the truth‚Äù

https://t.co/jWFvOfCDxM",Wed Jun 27 11:36:44 +0000 2018,-0.2732,0.0,0.123,0.877,38
BBC,Belize praised for 'visionary' steps to save coral reef https://t.co/0HS4Pr3fRQ,Wed Jun 27 11:04:46 +0000 2018,0.7506,0.444,0.0,0.556,39
BBC,RT @BBC_HaveYourSay: Has your name been mispronounced at an important event in your life? Tweet us your story or email: haveyoursay@bbc.co.‚Ä¶,Wed Jun 27 11:01:45 +0000 2018,0.2023,0.083,0.0,0.917,40
BBC,"The St George sculpture before... and after üé®

Botched art restoration at Spanish church criticised‚Ä¶ https://t.co/RxhIX7BRm8",Wed Jun 27 10:54:10 +0000 2018,0.0,0.0,0.0,1.0,41
BBC,"Malaysia 1MDB: Seized tiaras, cash and Hermes bags 'worth $273m' https://t.co/yVca9C025a",Wed Jun 27 09:40:39 +0000 2018,0.2263,0.16,0.0,0.84,42
BBC,Poland to scrap Holocaust law jail threat https://t.co/79CToMjp41,Wed Jun 27 09:38:01 +0000 2018,-0.5267,0.0,0.327,0.673,43
BBC,Alexandria Ocasio-Cortez: Millennial beats veteran Democrat https://t.co/yeesjNz1FG,Wed Jun 27 09:05:46 +0000 2018,0.0,0.0,0.0,1.0,44
BBC,"RT @BBCSteveR: On the day Trump‚Äôs national security advisor visits Moscow, one Russian paper calls John Bolton ‚Äúchief hawk of the White Hou‚Ä¶",Wed Jun 27 08:45:25 +0000 2018,0.34,0.098,0.0,0.902,45
BBC,Myanmar military leaders 'guilty of crimes against humanity' https://t.co/HiVUCI8S4i,Wed Jun 27 08:29:41 +0000 2018,-0.4215,0.0,0.259,0.741,46
BBC,Irish Ferries cancels some Dublin to Holyhead sailings https://t.co/IaxJHyukRu,Wed Jun 27 08:07:57 +0000 2018,-0.2263,0.0,0.192,0.808,47
BBC,Can India become an AI hub for the developing world? https://t.co/0z6b0IylFQ,Wed Jun 27 07:51:40 +0000 2018,0.0,0.0,0.0,1.0,48
BBC,Rebel Wilson ordered to repay millions in defamation case https://t.co/lpCAfm2JUT,Wed Jun 27 07:40:55 +0000 2018,-0.1531,0.0,0.151,0.849,49
BBC,"RT @BBCSport: What's on the #WorldCup schedule for today?

Watch, read and listen with @BBCSport and @5LiveSport:

15:00 #MEX v #SWE üì∫üíªüìª
15‚Ä¶",Wed Jun 27 07:07:20 +0000 2018,0.0,0.0,0.0,1.0,50
BBC,"RT @BBCSport: It's great news for Argentina in more ways than one...

Diego Maradona says he is ""fine"" after being seen by a doctor during‚Ä¶",Wed Jun 27 06:39:11 +0000 2018,0.6249,0.151,0.0,0.849,51
BBC,Thailand cave rescue: Troops race to reach youth football team https://t.co/aSuRqQrYDM,Wed Jun 27 05:02:00 +0000 2018,0.5267,0.328,0.0,0.672,52
BBC,Zimbabwe's Mnangagwa believes political faction tried to kill him https://t.co/lmQf5n99zj,Wed Jun 27 04:08:44 +0000 2018,-0.6908,0.0,0.343,0.657,53
BBC,Deadly explosion at Texas hospital leaves one dead https://t.co/6TnisIKaNr,Wed Jun 27 00:55:32 +0000 2018,-0.6486,0.0,0.35,0.65,54
BBC,Letter from Africa: Snapping at the heels of Zimbabwe's 'crocodile' https://t.co/YgNmOVyWpN,Tue Jun 26 23:48:22 +0000 2018,0.0,0.0,0.0,1.0,55
BBC,Ronald dela Rosa: 'The Rock' behind Duterte's drugs war https://t.co/yhuZQ1CfLs,Tue Jun 26 23:40:48 +0000 2018,-0.5994,0.0,0.302,0.698,56
BBC,Merkel's Bavarian ally threatens mutiny on migrants https://t.co/eAxkw9FUGp,Tue Jun 26 23:15:11 +0000 2018,-0.3818,0.0,0.271,0.729,57
BBC,RT @richard_conway: Reports emerging here in St Petersburg that Diego Maradona was taken to hospital after Argentina‚Äôs game tonight.,Tue Jun 26 21:42:46 +0000 2018,0.0,0.0,0.0,1.0,58
BBC,France: Butchers demand protection from vegans https://t.co/h0krY6YrBV,Tue Jun 26 20:12:16 +0000 2018,-0.128,0.0,0.2,0.8,59
BBC,Canada tycoon's son Blake Leibel jailed for 'savage' murder https://t.co/g8k1ingzK9,Tue Jun 26 20:09:38 +0000 2018,-0.836,0.0,0.497,0.503,60
BBC,"RT @BBCSport: Hector Cuper has left his role as Egypt manager after they were knocked out of the #WorldCup 

Full story: https://t.co/nwr8l‚Ä¶",Tue Jun 26 20:06:47 +0000 2018,0.0,0.0,0.0,1.0,61
BBC,NSA contractor Reality Winner admits leak https://t.co/uqiSN5PWqw,Tue Jun 26 20:06:46 +0000 2018,0.5574,0.484,0.194,0.323,62
BBC,"RT @BBCSport: FT #NGA 1-2 #ARG 

14' ‚öΩ Lionel Messi
51' ‚öΩ Victor Moses
86' ‚öΩ Marcos Rojo

An unlikely hero for Argentina, but it doesn't ma‚Ä¶",Tue Jun 26 19:53:51 +0000 2018,0.128,0.072,0.056,0.872,63
BBC,"RT @BBCSport: FT: #ISL 1-2 #CRO 

For the first time ever, Croatia have won three #WorldCup games in a row! 

Iceland bow out.

Reaction: h‚Ä¶",Tue Jun 26 19:53:16 +0000 2018,0.6114,0.148,0.0,0.852,64
BBC,"RT @BBCSport: GOAL! #NGA 1-2 #ARG

Marcos Rojo?! What a finish from the defender. Argentina are back in the driving seat!

Follow #NGAARG l‚Ä¶",Tue Jun 26 19:48:53 +0000 2018,0.3129,0.094,0.0,0.906,65
BBC,"RT @BBCSport: GOAL!

Looks like it'll be three out of three for Croatia!

Ivan Perisic drives a finish into the far corner.

#ISL 1-2 #CRO‚Ä¶",Tue Jun 26 19:48:49 +0000 2018,0.4738,0.118,0.0,0.882,66
BBC,Migrant family separations: States sue Trump administration https://t.co/flWhRvUMb3,Tue Jun 26 19:40:34 +0000 2018,0.0,0.0,0.0,1.0,67
BBC,"RT @BBCSport: GOAL!

Now then...

Gylfi Sigurdsson fires a penalty into the roof of the net!

#ISL 1-1 #CRO 

Live: https://t.co/aeMK9g0ELv‚Ä¶",Tue Jun 26 19:36:52 +0000 2018,-0.555,0.0,0.159,0.841,68
BBC,"RT @BBCSport: GOAL!

Straight after rattling the crossbar, Milan Badelj drives in the opener! 

#ISL 0-1 #CRO 

Live: https://t.co/aeMK9g0E‚Ä¶",Tue Jun 26 19:13:42 +0000 2018,0.3578,0.121,0.0,0.879,69
BBC,Indiana child fires handgun found in sofa at Ikea https://t.co/2WsnrEnVzS,Tue Jun 26 19:03:23 +0000 2018,0.0,0.0,0.0,1.0,70
BBC,"RT @BBCSport: HT: #ISL 0-0 #CRO 

Croatia will be relieved to head into the break with it goalless after a very, very strong finish to the‚Ä¶",Tue Jun 26 18:53:10 +0000 2018,0.7559,0.22,0.0,0.78,71
BBC,US college quarterback 'had brain disorder' before suicide https://t.co/SczLaFmFL0,Tue Jun 26 18:11:58 +0000 2018,-0.802,0.0,0.507,0.493,72
BBC,Abiy Ahmed becomes Ethiopia's prime minister https://t.co/jNoIEHoKGK,Tue Jun 26 17:38:53 +0000 2018,0.0,0.0,0.0,1.0,73
BBC,Noura Hussein: Appeals court overturns death sentence https://t.co/RDLgFoYi8J,Tue Jun 26 16:28:50 +0000 2018,-0.5574,0.116,0.348,0.536,74
BBC,"No BBC Sports News Correspondents were harmed in the making of this film üòÄ

Follow the build-up to #NGAARG‚Ä¶ https://t.co/bTg01yQpQS",Tue Jun 26 16:02:33 +0000 2018,-0.4215,0.097,0.205,0.698,75
BBC,"RT @BBCSport: FT #AUS 0-2 #PER 

18' ‚öΩ Andre Carrillo
50' ‚öΩ Paolo Guerrero

Peru get their first win at the #WorldCup finals in 40 years. A‚Ä¶",Tue Jun 26 15:54:27 +0000 2018,0.5859,0.119,0.0,0.881,76
BBC,"RT @BBCSport: FT: #DEN 0-0 #FRA 

From start to finish, a very slow game - the first goalless draw of the #WorldCup 

Reaction: https://t.c‚Ä¶",Tue Jun 26 15:51:40 +0000 2018,0.0,0.0,0.0,1.0,77
BBC,Guernsey airline Waves cancels flights for two months https://t.co/J2GHDGepTK,Tue Jun 26 15:49:50 +0000 2018,-0.2263,0.0,0.192,0.808,78
BBC,"RT @BBCSport: The rags to riches story of the man who saved a Cristiano Ronaldo penalty.

Iran goalkeeper Alireza Beiranvand has come a lon‚Ä¶",Tue Jun 26 15:41:08 +0000 2018,0.4939,0.22,0.106,0.674,79
BBC,Teenager helps deaf and blind man to communicate on flight https://t.co/NK958WcHEj,Tue Jun 26 15:32:13 +0000 2018,-0.0258,0.182,0.189,0.629,80
BBC,Marree Man: The enduring mystery of a giant outback figure https://t.co/eHf0ujmQIu,Tue Jun 26 15:25:01 +0000 2018,0.0,0.0,0.0,1.0,81
BBC,Ottawa Bluesfest preparations obstructed by nesting bird https://t.co/8WXtcXOyXx,Tue Jun 26 15:19:53 +0000 2018,0.0,0.0,0.0,1.0,82
BBC,Ethiopia offers Eritrea chance to end Africa's longest war https://t.co/jkEGxPSfmW,Tue Jun 26 15:12:14 +0000 2018,-0.4404,0.144,0.281,0.576,83
BBC,New Zealand man shot after 'flying to US to attack teenager' https://t.co/7GhI4ljjBk,Tue Jun 26 15:03:43 +0000 2018,-0.4767,0.0,0.22,0.78,84
BBC,"It's a big day at the World Cup and we've already had a goal

#AUSPER #DENFRA

https://t.co/Ledbaj9Ie4 https://t.co/yhVpPIEfY0",Tue Jun 26 15:03:20 +0000 2018,0.0,0.0,0.0,1.0,85
BBC,"RT @BBCMonitoring: VAR! What is it good for? #WorldCup
https://t.co/bckchMpWxD",Tue Jun 26 14:55:35 +0000 2018,0.4926,0.262,0.0,0.738,86
BBC,Trump travel ban: What does this ruling mean? https://t.co/My2sno3EC9,Tue Jun 26 14:50:28 +0000 2018,-0.5574,0.0,0.31,0.69,87
BBC,"RT @BBCSport: HT #AUS 0-1 #PER 

18' ‚öΩ Andre Carrillo

A wonderful volley from the Peru winger is the difference at the halfway mark. Austr‚Ä¶",Tue Jun 26 14:47:23 +0000 2018,0.5719,0.134,0.0,0.866,88
BBC,Eritrea and Ethiopia open first high-level talks in 20 years https://t.co/tFjP29Yfxo,Tue Jun 26 14:41:59 +0000 2018,0.0,0.0,0.0,1.0,89
BBC,"DR Congo's Kasai crisis: War crimes committed by both sides, UN says https://t.co/pNp6LaLcS0",Tue Jun 26 14:34:20 +0000 2018,-0.7845,0.104,0.398,0.498,90
BBC,US Supreme Court upholds Trump's travel ban https://t.co/gdKK9xrp5i,Tue Jun 26 14:26:32 +0000 2018,0.0,0.273,0.273,0.455,91
BBC,"RT @BBCSport: GOAL! #AUS 0-1 #PER

What a strike! Andre Carrillo scores Peru's first goal at a #WorldCup in 36 years.

Follow #AUSPER live‚Ä¶",Tue Jun 26 14:24:13 +0000 2018,-0.2695,0.0,0.09,0.91,92
BBC,"""Most people don't talk about organ donations when they're alive, but thankfully Phil did talk about it.""  https://t.co/mkegh8J61p",Tue Jun 26 14:06:48 +0000 2018,0.6705,0.256,0.0,0.744,93
BBC,Syria war: Government forces make gains in south-west https://t.co/P3RenLLxyw,Tue Jun 26 12:30:54 +0000 2018,-0.3612,0.18,0.293,0.526,94
BBC,'Stolen babies' case: Spanish doctor Vela goes on trial https://t.co/8gFZXKRnWk,Tue Jun 26 11:58:14 +0000 2018,-0.4939,0.0,0.262,0.738,95
BBC,Jane Subachus: Family makes desperate appeal for stem cell donor https://t.co/mlG6ZklUOQ,Tue Jun 26 11:53:04 +0000 2018,-0.3182,0.0,0.187,0.813,96
BBC,PSNI's Drew Harris appointed Garda commissioner https://t.co/2nEbR5ygac,Tue Jun 26 11:31:09 +0000 2018,0.0,0.0,0.0,1.0,97
BBC,Police in South Korea have arrested one of the owners of a notorious revenge porn site https://t.co/pHGMJCrmAp,Tue Jun 26 11:22:13 +0000 2018,-0.8555,0.0,0.42,0.58,98
BBC,Japan unveils Hello Kitty-themed bullet train https://t.co/mzvzrMvnlE,Tue Jun 26 11:19:11 +0000 2018,0.0,0.0,0.0,1.0,99
BBC,"Soldiers in Myanmar have been accused of raping Rohingya women 

This is one woman's story https://t.co/J4GvJOlzah https://t.co/xREMCmcuEe",Tue Jun 26 11:16:27 +0000 2018,-0.7906,0.0,0.318,0.682,100
CBS,"At North Dakota stop, President Trump claims his rallies are the reason why NFL ratings are down: ""They find this m‚Ä¶ https://t.co/D0SIEmWRxp",Thu Jun 28 00:32:41 +0000 2018,-0.296,0.0,0.095,0.905,1
CBS,Pittsburgh officer charged in shooting death of unarmed black teen https://t.co/JiGvVQw3sk https://t.co/nSdFZkyPz2,Thu Jun 28 00:19:32 +0000 2018,-0.6908,0.0,0.363,0.637,2
CBS,"LIVE: President Trump greets supporters at rally in Fargo, North Dakota https://t.co/ln7yjZwJKQ https://t.co/jz8YqjNBaG",Thu Jun 28 00:16:19 +0000 2018,0.5423,0.29,0.0,0.71,3
CBS,President Trump says he will pick retiring Supreme Court Justice Kennedy's replacement from a list the White House‚Ä¶ https://t.co/m3fiLvMyYy,Thu Jun 28 00:01:59 +0000 2018,0.7906,0.304,0.0,0.696,4
CBS,Ten-term Democratic Congressman Joe Crowley was defeated in New York City by newcomer 28-year-old Alexandria Ocasio‚Ä¶ https://t.co/UmcOboxwca,Wed Jun 27 23:43:21 +0000 2018,-0.4767,0.0,0.162,0.838,5
CBS,The U.S. was just ranked as one of the top 10 most dangerous countries for women for the first time ever:‚Ä¶ https://t.co/0VgA8p9SSN,Wed Jun 27 23:40:15 +0000 2018,-0.3804,0.071,0.135,0.794,6
CBS,"Sen. Schumer says it would be the ""height of hypocrisy"" for the Senate to vote on a new Supreme Court justice befor‚Ä¶ https://t.co/a1oYJ6MriW",Wed Jun 27 23:20:43 +0000 2018,0.7906,0.259,0.0,0.741,7
CBS,"FIRST LOOK: See Kristen Wiig as the villain Barbara Minerva, also known as Cheetah, in a scene from ""Wonder Woman 1‚Ä¶ https://t.co/9ZKzGeNFlh",Wed Jun 27 23:19:32 +0000 2018,-0.5574,0.0,0.153,0.847,8
CBS,"It is no secret former President George H.W. Bush loves wearing distinctive socks. 

Where does he get them?‚Ä¶ https://t.co/tXokiifVtp",Wed Jun 27 23:03:14 +0000 2018,0.3612,0.162,0.096,0.742,9
CBS,The fate of a dozen youth soccer players and their coach in Thailand has captivated people around the world. Millio‚Ä¶ https://t.co/E6CDyc8XVo,Wed Jun 27 22:55:46 +0000 2018,0.3818,0.12,0.0,0.88,10
CBS,Pennsylvania authorities released video of the drive-by shooting shooting that led to the fatal police shooting of‚Ä¶ https://t.co/dKgkGXGf96,Wed Jun 27 22:52:02 +0000 2018,-0.5423,0.0,0.171,0.829,11
CBS,"Near the Texas border, @DavidBegnaud rode along as officials busted a migrant smuggling stash house. https://t.co/5T60uzt6TA",Wed Jun 27 22:48:11 +0000 2018,-0.4767,0.0,0.181,0.819,12
CBS,".@Ocasio2018 beat veteran New York Congressman Joe Crowley in a Democratic primary. If elected in November, she wou‚Ä¶ https://t.co/NMfI7QZz8u",Wed Jun 27 22:44:47 +0000 2018,0.0,0.0,0.0,1.0,13
CBS,"The president has his eyes set on a meeting with his Russian counter-part, Vladimir Putin. The date and location wi‚Ä¶ https://t.co/jqw89dThaN",Wed Jun 27 22:40:04 +0000 2018,0.0,0.0,0.0,1.0,14
CBS,"Justice Anthony Kennedy said today he is retiring after three decades on the high court. Kennedy, who is 81 now, he‚Ä¶ https://t.co/zLKlAplslO",Wed Jun 27 22:38:17 +0000 2018,0.5267,0.139,0.0,0.861,15
CBS,"""Permit Patty"" steps down as CEO of cannabis company after massive internet backlash resulted in her products being‚Ä¶ https://t.co/nPTqV9CyIo",Wed Jun 27 22:19:31 +0000 2018,0.0,0.0,0.0,1.0,16
CBS,"Long considered a swing vote on the court, Justice Kennedy was often the deciding vote in cases that changed the co‚Ä¶ https://t.co/nQajiKI5EN",Wed Jun 27 22:05:01 +0000 2018,0.5267,0.145,0.0,0.855,17
CBS,"""[Rep. Crowley] doesn't live there. And she turned that into a very compelling campaign message about the need for‚Ä¶ https://t.co/NVMqwW3IF0",Wed Jun 27 21:50:26 +0000 2018,0.2944,0.109,0.0,0.891,18
CBS,"RT @CBSEveningNews: One famous customer helped put this entrepreneur on the map. @JimAxelrod introduces you to John Cronin, who with his da‚Ä¶",Wed Jun 27 21:44:47 +0000 2018,0.0,0.0,0.0,1.0,19
CBS,"Elwood on Justice Kennedy's legacy: ""I think his legacy is one of liberty ‚Äì‚Äì being a champion for the liberty of Am‚Ä¶ https://t.co/fk8YKHC0X7",Wed Jun 27 21:42:59 +0000 2018,0.9337,0.439,0.0,0.561,20
CBS,Lifeguards in Florida are warning beachgoers about sea lice ‚Äî microscopic pests that cause nasty rashes underneath‚Ä¶ https://t.co/Fu6UjaLIjN,Wed Jun 27 21:39:49 +0000 2018,-0.7184,0.0,0.286,0.714,21
CBS,"""[Democrats] want it out there and they want it part of the conversation that Republicans set up some rules and the‚Ä¶ https://t.co/G0ZFBz4KSe",Wed Jun 27 21:32:03 +0000 2018,0.1531,0.115,0.0,0.885,22
CBS,WATCH: CBS News airs first unfiltered look inside a facility for immigrant children separated from their families.‚Ä¶ https://t.co/Zmr0CJonCG,Wed Jun 27 21:25:35 +0000 2018,0.0,0.0,0.0,1.0,23
CBS,".@daveweigel on significance of President Trump nominating second Supreme Court justice: ""Well, it's -- it's someth‚Ä¶ https://t.co/vtU8vtFtBQ",Wed Jun 27 21:22:41 +0000 2018,0.8442,0.394,0.0,0.606,24
CBS,"@CBSNews¬†Elwood on Justice Kennedy: ""I think the last time I spoke with him was probably at our law clerk reunion.‚Ä¶ https://t.co/4WD85JkxIC",Wed Jun 27 21:14:45 +0000 2018,0.5267,0.145,0.0,0.855,25
CBS,"John Elwood, former clerk for Justice Kennedy, on why he decided to retire: ""Well it's the right time for him. He's‚Ä¶ https://t.co/lTcym2ZL56",Wed Jun 27 21:10:51 +0000 2018,0.6705,0.216,0.0,0.784,26
CBS,"Q: Do you expect this confirmation [for Justice Kennedy's replacement] to happen before the midterms? 

@JanCBS: Ye‚Ä¶ https://t.co/RC0b5s8TsW",Wed Jun 27 21:08:11 +0000 2018,0.5267,0.167,0.0,0.833,27
CBS,Justice Kennedy's most pivotal swing votes and what his retirement means for the future of the Supreme Court on a s‚Ä¶ https://t.co/uiSvfY3Q4E,Wed Jun 27 21:00:01 +0000 2018,0.7906,0.269,0.0,0.731,28
CBS,"A 12-year-old boy, who went viral for his Michael Jackson dance moves, received ""thrilling"" gift from a police offi‚Ä¶ https://t.co/ExpV9ubLjb",Wed Jun 27 20:44:49 +0000 2018,0.4404,0.146,0.0,0.854,29
CBS,American farmers are killing themselves in staggering numbers and the reasons why are tragic https://t.co/dhR5kWs9oJ https://t.co/VK4KUVMiWa,Wed Jun 27 20:25:16 +0000 2018,-0.8126,0.0,0.346,0.654,30
CBS,"Justice Kennedy's departure will be a massive change for the high court, where he has been the crucial swing vote f‚Ä¶ https://t.co/XsK7B9VAUH",Wed Jun 27 20:09:39 +0000 2018,0.5267,0.145,0.0,0.855,31
CBS,"Atlanta 6-year-old with lemonade stand raises $13,000 for separated migrant families https://t.co/Tj0u6SfVOF https://t.co/X0kItvafL2",Wed Jun 27 19:49:46 +0000 2018,0.0,0.0,0.0,1.0,32
CBS,"President Trump calls retiring Justice Kennedy a ""spectacular man,"" says search for his replacement will ""begin imm‚Ä¶ https://t.co/CWgdkQ103O",Wed Jun 27 19:45:38 +0000 2018,0.5267,0.175,0.0,0.825,33
CBS,"Justice Anthony Kennedy, a key swing vote on the Supreme Court, has announced his retirement, handing President Tru‚Ä¶ https://t.co/r7CoKExGYm",Wed Jun 27 19:30:12 +0000 2018,0.7906,0.304,0.0,0.696,34
CBS,"""We will vote to confirm Justice Kennedy's successor this fall,"" Sen. Mitch McConnell says https://t.co/2qLebqsuKo https://t.co/Y1I1tQ1WXp",Wed Jun 27 19:23:26 +0000 2018,0.6486,0.275,0.0,0.725,35
CBS,NASA shares awe-inspiring photo of blue sand dune on Mars üëΩhttps://t.co/i4cE5O7ZNc https://t.co/UZE89pWe2i,Wed Jun 27 19:10:01 +0000 2018,0.296,0.167,0.0,0.833,36
CBS,‚ÄúThat was a shocker for Crowley to lose that election‚Ä¶ I can‚Äôt say I was disappointed because I was never a big fan‚Ä¶ https://t.co/nnMwOqNDXx,Wed Jun 27 18:59:11 +0000 2018,-0.7506,0.0,0.316,0.684,37
CBS,"""I have a suggestion, if you're going to meet Mr. Putin,"" the president of Portugal tells @POTUS. ""Don't forget [to‚Ä¶ https://t.co/1tzExEZM9X",Wed Jun 27 18:54:29 +0000 2018,0.1695,0.081,0.0,0.919,38
CBS,"""We believe families should be together,"" @POTUS says. ""But what we really do believe is in very strong borders, no‚Ä¶ https://t.co/BX87JSMbLr",Wed Jun 27 18:49:35 +0000 2018,0.7086,0.196,0.0,0.804,39
CBS,"""John Bolton is over there [in Russia] right now... he's met with President Putin. I haven't gotten the full report‚Ä¶ https://t.co/ZNyF50p7ud",Wed Jun 27 18:47:19 +0000 2018,0.0,0.0,0.0,1.0,40
CBS,"""I think [Russia is] doing a fantastic job with the World Cup right now... My son loves soccer and he loves watchin‚Ä¶ https://t.co/c9kAsDG5pg",Wed Jun 27 18:43:55 +0000 2018,0.9001,0.367,0.0,0.633,41
CBS,"""He is a man who has displayed great vision, tremendous vision and tremendous heart. And he will be missed,"" @POTUS‚Ä¶ https://t.co/DH0NzTcEhA",Wed Jun 27 18:41:43 +0000 2018,0.7964,0.323,0.0,0.677,42
CBS,"""Our search for a new Justice will begin immediately,"" @POTUS says after Justice Kennedy announces his plan to reti‚Ä¶ https://t.co/XdSlxRz4R1",Wed Jun 27 18:29:35 +0000 2018,0.7783,0.286,0.0,0.714,43
CBS,"How long will it take to fill Justice Kennedy's Supreme Court seat?

""Not that long. I would expect you will see a‚Ä¶ https://t.co/1PGoJsjFTG",Wed Jun 27 18:20:49 +0000 2018,0.7906,0.259,0.0,0.741,44
CBS,"""Justice Kennedy was a conservative, no doubt,"" @JanCBS says. However, ""sometimes he would side with liberals on th‚Ä¶ https://t.co/pHo221aN9b",Wed Jun 27 18:18:57 +0000 2018,0.296,0.157,0.102,0.741,45
CBS,‚ÄúJustice Kennedy had been saying privately that he was considering retirement... This gives Pres. Trump his 2nd nom‚Ä¶ https://t.co/W2pNTUFohj,Wed Jun 27 18:16:53 +0000 2018,0.0,0.0,0.0,1.0,46
CBS,MORE: 81-year-old Kennedy has widely been seen as a moderate swing vote on the court https://t.co/2qLebqsuKo https://t.co/Ndmf7FTvXC,Wed Jun 27 18:12:15 +0000 2018,0.0,0.0,0.0,1.0,47
CBS,"JUST IN: Supreme Court Justice Anthony Kennedy announces he is retiring, effective July 31, giving President Trump‚Ä¶ https://t.co/TM4ilY1aei",Wed Jun 27 18:08:30 +0000 2018,0.91,0.472,0.0,0.528,48
CBS,"JUST IN: House vote on GOP immigration bill fails, 121-301 https://t.co/aYg8cInOx8 https://t.co/Na0DLrLT1H",Wed Jun 27 17:57:26 +0000 2018,-0.4215,0.0,0.203,0.797,49
CBS,"Jeff Sessions mocks liberals on ""lunatic fringe"" over family separation: ""They want borders in their lives but not‚Ä¶ https://t.co/GMjyg2PJzO",Wed Jun 27 17:45:20 +0000 2018,-0.4497,0.054,0.193,0.753,50
CBS,Suspect in deadly 2017 Charlottesville car rampage charged with federal hate crimes https://t.co/oS0UBLSUwA https://t.co/WCroC1hLc1,Wed Jun 27 17:29:31 +0000 2018,-0.7717,0.0,0.412,0.588,51
CBS,WATCH: Russian President Putin and National Security Adviser John Bolton have met for the first time ‚Äî and decided‚Ä¶ https://t.co/X8qHyFHLRr,Wed Jun 27 17:15:02 +0000 2018,0.34,0.118,0.0,0.882,52
CBS,Oklahoma voters approve medical marijuana despite bitter opposition https://t.co/SMeB3q4VXR https://t.co/R3fhzYNFJB,Wed Jun 27 17:00:01 +0000 2018,0.3252,0.206,0.0,0.794,53
CBS,"FINAL FAREWELL: Thousands gather for the funeral of NY teen Lesandro ""Junior"" Guzman-Feliz, who was killed in the B‚Ä¶ https://t.co/zpkKHLHMV5",Wed Jun 27 16:45:25 +0000 2018,-0.7906,0.0,0.28,0.72,54
CBS,"Joe Jackson, father of the late Michael Jackson and Janet Jackson and the mastermind behind The Jackson 5, has died‚Ä¶ https://t.co/gQzMVFEL1n",Wed Jun 27 16:43:45 +0000 2018,0.0,0.0,0.0,1.0,55
CBS,"""You are not afraid to speak the truth, and the truth as you know it. And to stand up for what you know is right, e‚Ä¶ https://t.co/bPfp9HjXoi",Wed Jun 27 16:28:38 +0000 2018,0.5574,0.155,0.0,0.845,56
CBS,"""Let the rich guys do it. We have all these rich guys, they love rockets...Bezos and Elon Musk and all of them, the‚Ä¶ https://t.co/jElZKMPo2a",Wed Jun 27 16:24:51 +0000 2018,0.9081,0.352,0.0,0.648,57
CBS,WATCH: President Trump is making remarks at an event for young Americans. About 100 generation Z and millennials ar‚Ä¶ https://t.co/BZw9K59rWx,Wed Jun 27 16:22:00 +0000 2018,0.0,0.0,0.0,1.0,58
CBS,"TEACHER TO THE END: In lieu of flowers, this teacher asked people to fill her funeral with backpacks of school supp‚Ä¶ https://t.co/iFy1yjvAMw",Wed Jun 27 15:29:47 +0000 2018,-0.3612,0.0,0.106,0.894,59
CBS,WATCH: Officials in Pittsburgh are giving an update on charges against the police officer accused of shooting and k‚Ä¶ https://t.co/1xDuI4tg0K,Wed Jun 27 15:02:01 +0000 2018,-0.2263,0.101,0.181,0.717,60
CBS,Investigators arrested while probing Ivanka Trump's Chinese suppliers now off bail https://t.co/tXoXohnTOT https://t.co/KC7Ek8sLgZ,Wed Jun 27 14:44:33 +0000 2018,-0.4767,0.0,0.205,0.795,61
CBS,NEW: East Pittsburgh Officer Michael Rosfeld has been charged with criminal homicide in the death of 17-year-old An‚Ä¶ https://t.co/IQmBv8meoK,Wed Jun 27 14:29:58 +0000 2018,-0.8442,0.0,0.363,0.637,62
CBS,"The 5-4 decision by the Supreme Court could devastate clout of public sector unions in states including Illinois, N‚Ä¶ https://t.co/spT15ftRa2",Wed Jun 27 14:25:51 +0000 2018,-0.128,0.14,0.16,0.7,63
CBS,NEW: The Supreme has ruled that states can't force non-union workers to pay union fees. This is seen as a major set‚Ä¶ https://t.co/te9Ivz3r4j,Wed Jun 27 14:15:15 +0000 2018,0.4939,0.144,0.056,0.8,64
CBS,"Russia calls for retaliation against U.S. steel, aluminum tariffs https://t.co/ET5BgJnGSn https://t.co/wJ0jxXPJtI",Wed Jun 27 14:14:44 +0000 2018,0.0,0.0,0.0,1.0,65
CBS,Bargain basement bud: Pot shops in California are cutting prices ahead of new rules https://t.co/I30Gpl0R6R https://t.co/SIwYieS71D,Wed Jun 27 13:59:56 +0000 2018,0.0772,0.104,0.087,0.809,66
CBS,Tracy Morgan warns his younger self about the one thing that can stop him (via @CBSThisMorning)‚Ä¶ https://t.co/Wz1m5Rejgz,Wed Jun 27 13:45:01 +0000 2018,-0.3818,0.0,0.194,0.806,67
CBS,"Alexandria Ocasio-Cortez describes ""astonishing"" primary upset against Rep. Joe Crowley https://t.co/LHX8M8DGvM https://t.co/ynUloMYorM",Wed Jun 27 13:29:47 +0000 2018,-0.3818,0.0,0.191,0.809,68
CBS,Who is Alexandria Ocasio-Cortez? The 28-year old just defeated powerful 10-term Democratic Rep. Joe Crowley in a st‚Ä¶ https://t.co/SVriJU6cxR,Wed Jun 27 13:13:24 +0000 2018,-0.0772,0.128,0.142,0.731,69
CBS,"Former Cambridge Analytica employee says ""there were more"" apps that collected user data: https://t.co/EXUSemmpEs https://t.co/GBM3DZZAxg",Wed Jun 27 12:56:51 +0000 2018,0.0,0.0,0.0,1.0,70
CBS,"Danny Meyer is the founder of the burger joint Shake Shack and CEO of Union Square Hospitality, which owns 17 New Y‚Ä¶ https://t.co/1jA5qZAJmo",Wed Jun 27 12:37:36 +0000 2018,-0.1779,0.0,0.072,0.928,71
CBS,CBS News has obtained cellphone video from inside the Cayuga Centers in New York -- the first unfiltered look insid‚Ä¶ https://t.co/LUXNDWXu3y,Wed Jun 27 12:29:50 +0000 2018,0.0,0.0,0.0,1.0,72
CBS,CBS News has obtained cellphone video from inside the Cayuga Centers in New York showing children huddled in what l‚Ä¶ https://t.co/kT8cywqWQw,Wed Jun 27 12:16:36 +0000 2018,0.0,0.0,0.0,1.0,73
CBS,President Trump‚Äôs ‚Äúadministration is a form of extremism. We shouldn‚Äôt be afraid to be very bold and very strong in‚Ä¶ https://t.co/8GQcQAvEbu,Wed Jun 27 12:15:04 +0000 2018,0.7569,0.265,0.0,0.735,74
CBS,"Alexandria Ocasio-Cortez says she was not following the primary results until she arrived at watch party: ""We had f‚Ä¶ https://t.co/Y0XvwNLuSU",Wed Jun 27 12:12:50 +0000 2018,0.4019,0.124,0.0,0.876,75
CBS,Alexandria Ocasio-Cortez on her message to the Democratic establishment:  ‚ÄúI think that it is time that we reassert‚Ä¶ https://t.co/mD6u6vwBG9,Wed Jun 27 12:08:23 +0000 2018,0.0,0.0,0.0,1.0,76
CBS,"Alexandria Ocasio-Cortez, who defeated 10-term Democratic Rep. Joe Crowley in a stunning upset in Tuesday‚Äôs primari‚Ä¶ https://t.co/9ivdKlOYfw",Wed Jun 27 12:05:50 +0000 2018,-0.4767,0.122,0.268,0.61,77
CBS,My pleasure to SAVE you: Chick-fil-A employee comes to the rescue of a choking customer and it wasn't even his firs‚Ä¶ https://t.co/ZwJSKabrY8,Wed Jun 27 12:00:08 +0000 2018,0.8374,0.353,0.097,0.55,78
CBS,"NEW: The East Pittsburgh Police officer who fatally shot 17-year-old Antwon Rose Jr. on June 19 has been charged, a‚Ä¶ https://t.co/o2qVrWU9z4",Wed Jun 27 11:51:18 +0000 2018,-0.7184,0.0,0.24,0.76,79
CBS,"Brittany Kaiser, a former official at Cambridge Analytica, is sharing what she considers some of the data firm's qu‚Ä¶ https://t.co/tHqwzPGnIx",Wed Jun 27 11:44:35 +0000 2018,0.4215,0.135,0.0,0.865,80
CBS,"RT @CBSThisMorning: For the first time last night, @ColbertLateShow and @FallonTonight aired the same opening. @StephenAtHome &amp; @JimmyFallo‚Ä¶",Wed Jun 27 11:44:09 +0000 2018,0.0,0.0,0.0,1.0,81
CBS,Tristan Beaudette was shot before dawn last Friday while camping with his two young daughters. Detectives are revie‚Ä¶ https://t.co/CtdWAhnC10,Wed Jun 27 11:36:30 +0000 2018,0.0,0.0,0.0,1.0,82
CBS,"The woman dubbed ""Permit Patty"" for threatening to call police on an 8-year-old black girl selling water on the str‚Ä¶ https://t.co/yms6GuVah5",Wed Jun 27 11:23:22 +0000 2018,-0.5267,0.0,0.145,0.855,83
CBS,"There will be a funeral this morning for a New York City teen, allegedly stabbed to death by gang members. Hundreds‚Ä¶ https://t.co/jX9YSOr878",Wed Jun 27 11:19:55 +0000 2018,-0.8519,0.0,0.354,0.646,84
CBS,Passengers on a JetBlue flight were terrified when officers stormed their plane in New York‚Äôs JFK Airport. It was a‚Ä¶ https://t.co/NQ8uDrzVor,Wed Jun 27 11:17:56 +0000 2018,-0.6124,0.0,0.174,0.826,85
CBS,President Trump is claiming vindication after the Supreme Court allowed his travel ban to stay in place. The court'‚Ä¶ https://t.co/6BwY9Pim0t,Wed Jun 27 11:12:52 +0000 2018,0.0,0.143,0.143,0.714,86
CBS,A federal judge in California ruled the Trump administration must reunite separated immigrant families within 30 da‚Ä¶ https://t.co/GWE2DpXzhN,Wed Jun 27 11:11:00 +0000 2018,0.0,0.0,0.0,1.0,87
CBS,"A stunning upset rocked the midterm elections Tuesday. Rep. Joe Crowley was defeated by Alexandria Ocasio-Cortez, a‚Ä¶ https://t.co/X4m2lc33J7",Wed Jun 27 11:06:58 +0000 2018,-0.4767,0.117,0.256,0.628,88
CBS,The body of a third-party contractor was found inside a beer cooler at SunTrust Park before Tuesday's Atlanta Brave‚Ä¶ https://t.co/h5B4s61Vo8,Wed Jun 27 11:00:55 +0000 2018,0.0,0.0,0.0,1.0,89
CBS,RT @CBSThisMorning: WATCH: Here's a preview of what you can expect on @CBSThisMorning. https://t.co/p8YblTdQ9r,Wed Jun 27 10:51:25 +0000 2018,0.0,0.0,0.0,1.0,90
CBS,AHEAD on @CBSThisMorning: The Trump administration has up to 30 days to reunite separated immigrant families. We'll‚Ä¶ https://t.co/rLpRQQBxBJ,Wed Jun 27 10:51:20 +0000 2018,0.0,0.0,0.0,1.0,91
CBS,"Ben Rhodes: ""We could have done more"" to explain Russia's information war https://t.co/EHY88GX35o https://t.co/KRwLMZTQbY",Wed Jun 27 10:40:01 +0000 2018,-0.5994,0.0,0.231,0.769,92
CBS,"WATCH: Comedian @RealTracyMorgan reflects on his life and sends a heartfelt message to his 6-year-old self.

üì∫ See‚Ä¶ https://t.co/KqyOqpyTnv",Wed Jun 27 10:25:25 +0000 2018,0.7269,0.276,0.0,0.724,93
CBS,"Rain continues to fall and water levels keep rising inside a cave in northern Thailand, frustrating the search for‚Ä¶ https://t.co/KjiLYrhvk0",Wed Jun 27 10:19:48 +0000 2018,-0.4404,0.0,0.139,0.861,94
CBS,"Childish Gambino's manager denies accusation of plagiarism over ""This is America"" https://t.co/k5lkfXMDsa https://t.co/x6YEYe09p7",Wed Jun 27 10:03:03 +0000 2018,-0.7184,0.0,0.412,0.588,95
CBS,Bronx teen reportedly killed over sex tape in apparent case of mistaken identity https://t.co/nptuyHK0hw https://t.co/dIN7oN3Vyv,Wed Jun 27 09:48:04 +0000 2018,-0.7906,0.0,0.35,0.65,96
CBS,"""It's OK to not be OK"": Suicide attempt survivors offer insight and advice https://t.co/Nlwy2gAiv8 https://t.co/d38pwNwugu",Wed Jun 27 09:33:03 +0000 2018,0.7596,0.334,0.0,0.666,97
CBS,World War II hero Garlin Murl Conner's widow remembers his extraordinary life https://t.co/4yfPN9gLpd https://t.co/gCcEJh3yTg,Wed Jun 27 09:18:05 +0000 2018,-0.0772,0.185,0.2,0.615,98
CBS,Prosecutors to retry ex-deputy's husband in fatal confrontation outside Denny's https://t.co/RumlBZUX6i https://t.co/mZnKR2n7gM,Wed Jun 27 09:03:04 +0000 2018,-0.7003,0.0,0.367,0.633,99
CBS,8th arrest in fatal stabbing of Bronx teenager outside bodega https://t.co/IoSKVBIVIf https://t.co/pkV0JUgMj7,Wed Jun 27 08:48:04 +0000 2018,-0.7096,0.0,0.371,0.629,100
CNN,"""So many people across the country are inspired by this win and inspired about this race because of what it represe‚Ä¶ https://t.co/VwrdWR4YPD",Thu Jun 28 00:31:07 +0000 2018,0.8807,0.349,0.0,0.651,1
CNN,"Money isn't everything in a political race ‚Äúif you really understand your community,"" Alexandria Ocasio-Cortez says‚Ä¶ https://t.co/aYylUfAQuq",Thu Jun 28 00:23:38 +0000 2018,0.0,0.0,0.0,1.0,2
CNN,Senate Democrats are powerless to stop Trump SCOTUS pick https://t.co/wR3A8bDIJj | Analysis by Chris Cillizza https://t.co/XoMCpBzzJa,Thu Jun 28 00:00:05 +0000 2018,-0.6597,0.0,0.293,0.707,3
CNN,"Ben Jealous, a former NAACP leader endorsed by Bernie Sanders, moved a step closer to becoming Maryland's first bla‚Ä¶ https://t.co/2jUyBLvNIe",Wed Jun 27 23:44:06 +0000 2018,-0.25,0.095,0.143,0.762,4
CNN,"The Netherlands is banning face coverings, including burqas and niqabs, in public spaces such as schools, hospitals‚Ä¶ https://t.co/VkwfiLLjXe",Wed Jun 27 23:37:04 +0000 2018,0.0,0.0,0.0,1.0,5
CNN,Google's eerily human phone bot is ready for the real world https://t.co/Y5dD19nsZR,Wed Jun 27 23:30:11 +0000 2018,0.3612,0.185,0.0,0.815,6
CNN,Beer is being rationed in the UK because of a shortage of carbon dioxide https://t.co/K56oMw0jBP,Wed Jun 27 23:23:05 +0000 2018,-0.25,0.0,0.133,0.867,7
CNN,"Report highlights gender discrimination, lack of female representation in Justice Department https://t.co/BjDzDUUb9d https://t.co/OvyJmlPnJK",Wed Jun 27 23:16:46 +0000 2018,0.2732,0.204,0.138,0.659,8
CNN,"Trump ""has been the one that has caused what we see happening today where people are trying to push back on his pol‚Ä¶ https://t.co/X3vBWK988W",Wed Jun 27 23:07:51 +0000 2018,0.0,0.0,0.0,1.0,9
CNN,"Trump ""has been the one that has caused what we see happening today where people are trying to push back on his pol‚Ä¶ https://t.co/zDfrHdUigV",Wed Jun 27 22:56:00 +0000 2018,0.0,0.0,0.0,1.0,10
CNN,"When one of his customers was choking, this Chick-fil-A employee stepped in to save him https://t.co/zrAZWw7NNB https://t.co/ULfqKipgDB",Wed Jun 27 22:49:41 +0000 2018,0.0516,0.151,0.142,0.708,11
CNN,Boeing's hypersonic passenger plane could get you from New York to London in 2 hours https://t.co/eqgR0d4td7 https://t.co/TQMnwnbR5Y,Wed Jun 27 22:42:28 +0000 2018,0.0,0.0,0.0,1.0,12
CNN,"In the 9 months leading up to this weekend's presidential election in Mexico, 130 candidates have been killed‚Ä¶ https://t.co/8bTYXy45eK",Wed Jun 27 22:35:09 +0000 2018,0.0,0.0,0.0,1.0,13
CNN,"The Supreme Court ‚Äúshould be made up of people who can base their decisions on the law, the facts, precedent, and u‚Ä¶ https://t.co/GU0B9jSyAn",Wed Jun 27 22:28:00 +0000 2018,0.5574,0.141,0.0,0.859,14
CNN,"Marrying a Syrian means breaking up with America, writes Anna Lekas Miller for @CNNOpinion https://t.co/I59xCsE5pp https://t.co/1PEt45Z5yg",Wed Jun 27 22:21:47 +0000 2018,0.0,0.0,0.0,1.0,15
CNN,"Secretary of State Mike Pompeo tells US lawmakers that North Korea remains a nuclear threat, but defends President‚Ä¶ https://t.co/SEujGpN7RL",Wed Jun 27 22:12:55 +0000 2018,-0.296,0.0,0.115,0.885,16
CNN,"""Every time I'm talking with my mom, and she gives the phone to my baby brother, he doesn't know who I am.""

After‚Ä¶ https://t.co/7L2mOZu40d",Wed Jun 27 22:02:00 +0000 2018,0.0,0.0,0.0,1.0,17
CNN,"Broward County, where the Parkland attack happened, votes to put armed personnel in every school‚Ä¶ https://t.co/tkE3SSn5MK",Wed Jun 27 21:55:04 +0000 2018,-0.4767,0.0,0.171,0.829,18
CNN,"President Trump: When considering tariffs, think like a Harley-Davidson rider https://t.co/YytoocOaPb (via‚Ä¶ https://t.co/NVgkt4rF0l",Wed Jun 27 21:48:08 +0000 2018,0.3612,0.185,0.0,0.815,19
CNN,"November is going to be a referendum on Trump, writes Errol Louis for @CNNOpinion https://t.co/xaQHAlTLG4 https://t.co/lAfobHCpZe",Wed Jun 27 21:41:06 +0000 2018,0.0,0.0,0.0,1.0,20
CNN,Migrant rescue ship Lifeline to dock in Malta after being stranded for 5 days in the Mediterranean‚Ä¶ https://t.co/I42dGGKx3t,Wed Jun 27 21:34:07 +0000 2018,0.5106,0.171,0.0,0.829,21
CNN,"When one of his customers was choking, this Chick-fil-A employee stepped in to save him https://t.co/48G98T9vMe https://t.co/1y9RX8QOTG",Wed Jun 27 21:27:04 +0000 2018,0.0516,0.151,0.142,0.708,22
CNN,"Meet Alexandria Ocasio-Cortez, the 28-year-old Latina and Democratic socialist who is now a new face for the Democr‚Ä¶ https://t.co/EnfaxwgKvZ",Wed Jun 27 21:20:06 +0000 2018,0.0,0.0,0.0,1.0,23
CNN,Here's everything you need to know about tonight's Strawberry Moon https://t.co/X51oi9eWCg https://t.co/HwR8rcSMEm,Wed Jun 27 21:13:03 +0000 2018,0.0,0.0,0.0,1.0,24
CNN,A man who couldn't swim sacrifices his life to save a boy from drowning https://t.co/WZcEuIuPkZ https://t.co/cFfikmBGY4,Wed Jun 27 21:06:07 +0000 2018,0.4939,0.198,0.0,0.802,25
CNN,Why I'm burying a beer can in the backyard https://t.co/QaDmBv89Dg (via @CNNOpinion) https://t.co/QjtqRjVc45,Wed Jun 27 20:59:08 +0000 2018,0.0,0.0,0.0,1.0,26
CNN,Could life exist on Saturn's moon Enceladus? https://t.co/zOZbFyHXy5 https://t.co/tjHGMOnDQB,Wed Jun 27 20:52:05 +0000 2018,0.0,0.0,0.0,1.0,27
CNN,Texas steel pipe manufacturer becomes casualty of President Trump's trade war https://t.co/GOaXARleoc https://t.co/WKs6n7eZFV,Wed Jun 27 20:45:05 +0000 2018,-0.8074,0.0,0.399,0.601,28
CNN,Senate Judiciary Chairman Chuck Grassley dismisses calls by Democrats to punt on a Supreme Court nominee until afte‚Ä¶ https://t.co/2B6PN5vYOD,Wed Jun 27 20:38:11 +0000 2018,0.5574,0.175,0.0,0.825,29
CNN,"Democratic congressional candidate Alexandria Ocasio-Cortez endorses New York gubernatorial hopeful Cynthia Nixon,‚Ä¶ https://t.co/CflSvxUXkE",Wed Jun 27 20:26:00 +0000 2018,0.6908,0.341,0.0,0.659,30
CNN,Democratic Sen. Dianne Feinstein urges Congress to wait until after the midterm elections to select a replacement f‚Ä¶ https://t.co/Wgnd7tE6op,Wed Jun 27 20:19:05 +0000 2018,0.0,0.0,0.0,1.0,31
CNN,Justice Anthony Kennedy's retirement just confirmed every Republican's dream scenario for President Trump‚Ä¶ https://t.co/Hyc8OoSgai,Wed Jun 27 20:12:04 +0000 2018,0.6597,0.31,0.0,0.69,32
CNN,Senate Majority Leader Mitch McConnell says his chamber will work to replace Justice Anthony Kennedy before the mid‚Ä¶ https://t.co/hTIcbbfWmh,Wed Jun 27 20:05:08 +0000 2018,0.5267,0.159,0.0,0.841,33
CNN,These are potential Supreme Court nominees that could replace Justice Kennedy https://t.co/6zYySjh2dJ https://t.co/0en7ks7H7U,Wed Jun 27 19:56:04 +0000 2018,0.7906,0.389,0.0,0.611,34
CNN,"""They are conservative ideologues, not mainstream jurists. We cannot and will not accept them to serve on the highe‚Ä¶ https://t.co/1MbxoP3I2A",Wed Jun 27 19:49:06 +0000 2018,-0.2924,0.0,0.103,0.897,35
CNN,"""Our Republican colleagues in the Senate should follow the rule they set in 2016 ‚Äî not to consider a Supreme Court‚Ä¶ https://t.co/hLVPGqvI4b",Wed Jun 27 19:42:00 +0000 2018,-0.4449,0.0,0.133,0.867,36
CNN,Read Justice Anthony Kennedy's retirement letter to President Trump https://t.co/ayuwi97MR2 https://t.co/xlWFrpWZaB,Wed Jun 27 19:35:06 +0000 2018,0.5267,0.254,0.0,0.746,37
CNN,"Republican Sen. Chuck Grassley hails Justice Kennedy's service, saying he is a ""staunch defender of First Amendment‚Ä¶ https://t.co/X1AXlSA5i8",Wed Jun 27 19:28:41 +0000 2018,0.5859,0.242,0.0,0.758,38
CNN,Democratic Sen. Dick Durbin has called on the Senate to wait to consider Trump's nominee to replace Justice Kennedy‚Ä¶ https://t.co/MCnrcADQS6,Wed Jun 27 19:21:09 +0000 2018,0.0258,0.138,0.134,0.729,39
CNN,"""Now we‚Äôll have to find a worthy successor."" Republican Sen. Lindsey Graham says President Trump has a lot of ""good‚Ä¶ https://t.co/h6wPu3lo2G",Wed Jun 27 19:14:06 +0000 2018,0.4404,0.139,0.0,0.861,40
CNN,President Trump says he has a list of 25 people that will be considered to replace Justice Anthony Kennedy on the S‚Ä¶ https://t.co/pzUY6F4e9W,Wed Jun 27 19:07:00 +0000 2018,0.5267,0.139,0.0,0.861,41
CNN,"""He‚Äôs been a great justice of the Supreme Court."" President Trump took a few moments to address the retirement of S‚Ä¶ https://t.co/222pifAMgX",Wed Jun 27 19:00:01 +0000 2018,0.9022,0.395,0.0,0.605,42
CNN,"""We will vote to confirm Justice Kennedy's successor this fall,"" says Majority Leader Sen. Mitch McConnell after Ju‚Ä¶ https://t.co/jjzm56eBil",Wed Jun 27 18:53:00 +0000 2018,0.6486,0.238,0.0,0.762,43
CNN,"President Trump will push for the swift confirmation of a Supreme Court justice ""before the midterm elections,"" a s‚Ä¶ https://t.co/GoJKdqOTN5",Wed Jun 27 18:47:08 +0000 2018,0.8316,0.37,0.0,0.63,44
CNN,Here's a brief timeline of Justice Anthony Kennedy's key Supreme Court decisions https://t.co/0k0RUeFosd https://t.co/282cDaGB6d,Wed Jun 27 18:40:05 +0000 2018,0.7906,0.389,0.0,0.611,45
CNN,A Japanese spacecraft has reached a diamond-shaped asteroid three years after setting off on its mission to learn a‚Ä¶ https://t.co/XJLb6zE2NH,Wed Jun 27 18:29:30 +0000 2018,0.1027,0.076,0.0,0.924,46
CNN,Anthony Kennedy's decision to step down from the Supreme Court gives President Trump a second opportunity to nomina‚Ä¶ https://t.co/UqUIT7CLb7,Wed Jun 27 18:20:00 +0000 2018,0.7506,0.286,0.0,0.714,47
CNN,House Democrats are in shock as they assess what Joe Crowley's loss to a 28-year-old political newcomer means for l‚Ä¶ https://t.co/B3auAMM2Bl,Wed Jun 27 18:15:49 +0000 2018,-0.5994,0.0,0.214,0.786,48
CNN,"BREAKING: Justice Anthony Kennedy, a conservative who provided key votes for same sex-marriage, abortion access and‚Ä¶ https://t.co/p9Jn6p6BL2",Wed Jun 27 18:05:00 +0000 2018,0.5267,0.185,0.0,0.815,49
CNN,"JUST IN: House overwhelmingly rejects Republican immigration bill, despite last-minute push by President Trump to s‚Ä¶ https://t.co/6lHY4YY0Yp",Wed Jun 27 17:58:44 +0000 2018,-0.5719,0.0,0.239,0.761,50
CNN,This Colorado Democrat could become first openly gay man elected governor in US https://t.co/hgiOXjsOUB https://t.co/H6aSP5gMYo,Wed Jun 27 17:48:12 +0000 2018,0.0,0.0,0.0,1.0,51
CNN,"Here's what we've learned about 'Oumuamua, the cigar-shaped interstellar visitor that was spotted in October tumbli‚Ä¶ https://t.co/MgMOwK1wWc",Wed Jun 27 17:38:05 +0000 2018,0.0,0.0,0.0,1.0,52
CNN,"A funeral was held for Junior Guzman-Feliz, a 15-year-old killed in a gang stabbing in New York last week that has‚Ä¶ https://t.co/HADmIUGcnh",Wed Jun 27 17:23:43 +0000 2018,-0.7906,0.0,0.292,0.708,53
CNN,What does America's falling birth rate mean for the economy? Just look at Arizona https://t.co/Oy7GT3RhoB https://t.co/xE4NFTGRLL,Wed Jun 27 17:09:19 +0000 2018,-0.1531,0.0,0.096,0.904,54
CNN,"In a six-day span, only six children were reunited with their families after being separated at the US border. More‚Ä¶ https://t.co/zEFZtN4Gg4",Wed Jun 27 16:54:10 +0000 2018,0.0,0.0,0.0,1.0,55
CNN,"A federal grand jury indicted the suspect behind last summer's deadly vehicle incident in Charlottesville, Virginia‚Ä¶ https://t.co/B9BJhAMrU3",Wed Jun 27 16:41:01 +0000 2018,0.2023,0.156,0.115,0.729,56
CNN,"BREAKING: Joe Jackson, the patriarch who launched the Jackson family dynasty, has died, a source close to the famil‚Ä¶ https://t.co/WefGb7Q7gb",Wed Jun 27 16:29:53 +0000 2018,-0.4767,0.068,0.163,0.769,57
CNN,"President Trump is speaking at a White House event after the Supreme Court's union ruling 

Watch live: https://t.co/T3E0vuOqsj",Wed Jun 27 16:23:30 +0000 2018,0.5574,0.184,0.0,0.816,58
CNN,Changes to a 16th-century polychrome statue of San Jorge (St George) provoked anger among some art experts and inev‚Ä¶ https://t.co/gj2iwiHKxA,Wed Jun 27 16:14:31 +0000 2018,-0.7003,0.0,0.254,0.746,59
CNN,"A 6-year-old's lemonade stand helped raise $13,000 for separated migrant families https://t.co/UjkonfhV3X https://t.co/gV1W52XK3y",Wed Jun 27 16:00:24 +0000 2018,0.0,0.0,0.0,1.0,60
CNN,"Senate Majority Leader Mitch McConnell says the win by Alexandria Ocasio-Cortez, a 28-year-old running her first ca‚Ä¶ https://t.co/OZDGwAhTJe",Wed Jun 27 15:47:55 +0000 2018,0.5859,0.192,0.0,0.808,61
CNN,"A judge denied rapper Meek Mill's petition for a new trial, despite the district attorney's office recommending tha‚Ä¶ https://t.co/BFQhWcfekN",Wed Jun 27 15:36:21 +0000 2018,-0.4404,0.0,0.153,0.847,62
CNN,"The Smithsonian has unveiled a design for the National Native American Veterans Memorial, which will be placed on t‚Ä¶ https://t.co/dCwD3oAtJ7",Wed Jun 27 15:24:45 +0000 2018,0.0,0.0,0.0,1.0,63
CNN,Facebook has abandoned an ambitious plan to design and produce its own drones. https://t.co/OsmYnonbis,Wed Jun 27 15:14:06 +0000 2018,0.0258,0.171,0.166,0.663,64
CNN,Former government contractor Reality Winner pleads guilty to leaking classified material https://t.co/xPDaOkB47K https://t.co/V4FIWATsB2,Wed Jun 27 15:02:32 +0000 2018,0.25,0.216,0.159,0.625,65
CNN,"""We are committing human rights abuses on this border in separating children from their families,"" says New York co‚Ä¶ https://t.co/0JsvHEAZXn",Wed Jun 27 14:55:00 +0000 2018,-0.5106,0.057,0.157,0.786,66
CNN,White House press secretary Sarah Sanders is expected to receive Secret Service protection https://t.co/J9L7pDzbIs https://t.co/kF76b1GP2b,Wed Jun 27 14:50:11 +0000 2018,0.0,0.0,0.0,1.0,67
CNN,The Virginia restaurant owner who asked White House press secretary Sarah Sanders to leave has resigned from the to‚Ä¶ https://t.co/LlHIYmjiGB,Wed Jun 27 14:38:04 +0000 2018,-0.296,0.0,0.151,0.849,68
CNN,Alexandria Ocasio-Cortez's win will likely make her the youngest person in Congress in 2019 https://t.co/pMUjLQSfR6 https://t.co/zMoh38VPDb,Wed Jun 27 14:26:52 +0000 2018,0.5859,0.202,0.0,0.798,69
CNN,JUST IN: The Supreme Court deals a major blow to public-sector unions in a case that could shake their financial st‚Ä¶ https://t.co/WesRgtLab3,Wed Jun 27 14:14:58 +0000 2018,0.4404,0.155,0.073,0.773,70
CNN,The restaurant owner who asked Sarah Sanders to leave has resigned from the top post of a local business group https://t.co/etysLMTrW7,Wed Jun 27 13:53:38 +0000 2018,-0.1027,0.082,0.145,0.773,71
CNN,A Japanese spacecraft has reached a diamond-shaped asteroid three years after setting off on its mission to learn a‚Ä¶ https://t.co/U0XVLYP4pB,Wed Jun 27 13:37:41 +0000 2018,0.1027,0.076,0.0,0.924,72
CNN,"""We are committing human rights abuses on this border in separating children from their families,"" says New York co‚Ä¶ https://t.co/9OTv5cGPUg",Wed Jun 27 13:26:12 +0000 2018,-0.5106,0.057,0.157,0.786,73
CNN,RT @CNNPolitics: Alexandria Ocasio-Cortez will not say if she would support Nancy Pelosi for speaker if she wins in November and Democrats‚Ä¶,Wed Jun 27 13:18:39 +0000 2018,0.7506,0.242,0.0,0.758,74
CNN,"RT @CNNPolitics: ""We won because we organized. We won because I think we had a very clear, winning message and we took that message to door‚Ä¶",Wed Jun 27 13:13:57 +0000 2018,0.9322,0.411,0.0,0.589,75
CNN,New York Democrat Alexandria Ocasio-Cortez discusses her primary night win. Watch live: https://t.co/vhkaPaA3uB https://t.co/lYNj8K8WhK,Wed Jun 27 13:13:49 +0000 2018,0.5859,0.226,0.0,0.774,76
CNN,What Alexandria Ocasio-Cortez's victory says about the Democratic Party and 2020 | Analysis by Harry Enten‚Ä¶ https://t.co/pnoOjHEmb3,Wed Jun 27 13:00:47 +0000 2018,0.4019,0.153,0.0,0.847,77
CNN,"JUST IN: A Pittsburgh-area officer has been charged with criminal homicide in the death of Antwon Rose, an unarmed‚Ä¶ https://t.co/rVPbXFSYLP",Wed Jun 27 12:45:06 +0000 2018,-0.8442,0.0,0.363,0.637,78
CNN,"On the Mexico border, Latino Republicans back President Trump's immigration plans https://t.co/M0cK75CTAv https://t.co/4KaNigqwhb",Wed Jun 27 12:37:24 +0000 2018,0.0,0.0,0.0,1.0,79
CNN,JUST IN: White House decides against outright limits on Chinese investment https://t.co/MqMrx3PyoJ https://t.co/vdhUECfX8v,Wed Jun 27 12:25:32 +0000 2018,0.0,0.0,0.0,1.0,80
CNN,"Mars is often referred to as the Red Planet, but pictures from one of NASA's orbiters showed what appeared to be a‚Ä¶ https://t.co/9KBq3JSYch",Wed Jun 27 12:14:08 +0000 2018,0.0,0.0,0.0,1.0,81
CNN,A mother has shot a man who flew from New Zealand to the US to confront her 14-year-old daughter whom he had met on‚Ä¶ https://t.co/IBRznGQjVE,Wed Jun 27 12:02:17 +0000 2018,-0.1779,0.0,0.072,0.928,82
CNN,"A piece of chewing gum, a bottle of water and new DNA technology may have just solved a teacher's murder‚Ä¶ https://t.co/mZz14hTK6f",Wed Jun 27 11:50:59 +0000 2018,0.2732,0.11,0.0,0.89,83
CNN,"Galvanized by the issue of teachers pay and school funding, Oklahoma teachers marched and protested in the state Ca‚Ä¶ https://t.co/hZy59EsrpY",Wed Jun 27 11:39:58 +0000 2018,-0.2263,0.0,0.139,0.861,84
CNN,A fire raging in northern England has prompted the evacuation of dozens of homes and forced firefighters to work in‚Ä¶ https://t.co/UUW42Sxcz3,Wed Jun 27 11:29:26 +0000 2018,-0.8316,0.0,0.341,0.659,85
CNN,US President Donald Trump's national security adviser John Bolton will meet Russian President Vladimir Putin during‚Ä¶ https://t.co/jw627xJ1i3,Wed Jun 27 11:17:04 +0000 2018,0.34,0.13,0.0,0.87,86
CNN,"A British heterosexual couple who objected to the ""patriarchal"" institution of marriage have won a legal claim for‚Ä¶ https://t.co/RhJZs9Z514",Wed Jun 27 11:08:42 +0000 2018,0.6369,0.257,0.0,0.743,87
CNN,"If a progressive war against the Democratic establishment is coming, Tuesday's primaries were the first shots fired https://t.co/SPDWqYPGM5",Wed Jun 27 10:53:01 +0000 2018,-0.8176,0.0,0.333,0.667,88
CNN,US companies operating in China are likely to find themselves in the firing line as the trade fight between Washing‚Ä¶ https://t.co/lQSvlqDtS8,Wed Jun 27 10:49:50 +0000 2018,-0.6124,0.0,0.208,0.792,89
CNN,Football legend Diego Maradona has reassured fans that he is fine after he was treated by doctors during Argentina'‚Ä¶ https://t.co/n9BL7HWXy3,Wed Jun 27 10:39:04 +0000 2018,0.5423,0.2,0.0,0.8,90
CNN,US Secretary Defense James Mattis met with Chinese President Xi Jinping inside the Great Hall of the People in Beij‚Ä¶ https://t.co/Cy7Eo2ikbv,Wed Jun 27 10:24:24 +0000 2018,0.6808,0.228,0.0,0.772,91
CNN,"She is only ranked 183rd in the world, but Serena Williams has been seeded 25th for next week's Wimbledon Champions‚Ä¶ https://t.co/oZGjkfYyca",Wed Jun 27 10:05:55 +0000 2018,0.0,0.0,0.0,1.0,92
CNN,"Cave rescuers are ""working around the clock"" to try and locate a group of missing teenage soccer players and their‚Ä¶ https://t.co/r4GDBZ1hm1",Wed Jun 27 09:55:06 +0000 2018,-0.296,0.0,0.104,0.896,93
CNN,"This is the moment Alexandria Ocasio-Cortez, a 28-year-old Latina running her first campaign, discovered she had ou‚Ä¶ https://t.co/UaTHY1RP3P",Wed Jun 27 09:39:16 +0000 2018,0.0,0.0,0.0,1.0,94
CNN,"In Utah, 2012 Republican presidential nominee Mitt Romney won the Senate primary and is now poised to cruise to ele‚Ä¶ https://t.co/Ah9X2iQRKq",Wed Jun 27 09:01:00 +0000 2018,0.6908,0.231,0.0,0.769,95
CNN,What it's like in the 7 countries on Trump's travel ban list https://t.co/h8rOqzGYEd https://t.co/FQy0qLkZVq,Wed Jun 27 08:47:22 +0000 2018,-0.2732,0.146,0.211,0.643,96
CNN,"From the brink of defeat and a humiliating World Cup exit, Argentina survive and live on at Russia 2018‚Ä¶ https://t.co/jNDeYp8vWs",Wed Jun 27 08:16:52 +0000 2018,-0.6369,0.0,0.234,0.766,97
CNN,Alexandria Ocasio-Cortez's win on Tuesday caps off a remarkable ascent -- which will likely make her the youngest p‚Ä¶ https://t.co/QNWF6Wa0W7,Wed Jun 27 07:57:06 +0000 2018,0.8126,0.303,0.0,0.697,98
CNN,A mother has shot a man who flew from New Zealand to the US to confront her 14-year-old daughter whom he had met on‚Ä¶ https://t.co/CW3exdNZ4W,Wed Jun 27 07:41:07 +0000 2018,-0.1779,0.0,0.072,0.928,99
CNN,Trump plots controversial Putin meeting and leaves NATO allies guessing https://t.co/f7d4Kag4nD https://t.co/mOC6nzJyz4,Wed Jun 27 07:32:57 +0000 2018,-0.2023,0.0,0.141,0.859,100
Fox,"President @realDonaldTrump: ""The travel ban ruling underscores just how critical it is to confirm judges who will s‚Ä¶ https://t.co/QFsqDLlzVd",Thu Jun 28 00:33:02 +0000 2018,-0.7096,0.0,0.258,0.742,1
Fox,"President @realDonaldTrump: ""A vote for any Democrat in November is a vote for @SenSchumer, @NancyPelosi and‚Ä¶ https://t.co/GGTJanlJks",Thu Jun 28 00:28:47 +0000 2018,0.0,0.0,0.0,1.0,2
Fox,"President @realDonaldTrump: ""You need a senator who doesn't just talk like they're from North Dakota, but votes lik‚Ä¶ https://t.co/4tQNXEc1Mp",Thu Jun 28 00:27:17 +0000 2018,-0.1419,0.0,0.084,0.916,3
Fox,"President @realDonaldTrump: ""ObamaCare is essentially dead."" https://t.co/SVlX3KlugG",Thu Jun 28 00:25:21 +0000 2018,0.0,0.0,0.0,1.0,4
Fox,"President @realDonaldTrump on health care: ""We are coming out with so many health care plans that are so much bette‚Ä¶ https://t.co/OD7MVeoXoU",Thu Jun 28 00:24:53 +0000 2018,0.7506,0.252,0.0,0.748,5
Fox,".@RepKevinCramer: ""All I can say is, Mr. President, on behalf of all of the thousands of people in this arena, and‚Ä¶ https://t.co/uIogWwz8h0",Thu Jun 28 00:22:28 +0000 2018,0.0,0.0,0.0,1.0,6
Fox,".@POTUS holds a ""Make America Great Again"" rally in Fargo, North Dakota. https://t.co/Bxk0nLbwIj",Thu Jun 28 00:08:39 +0000 2018,0.6249,0.272,0.0,0.728,7
Fox,".@BenShapiro on Socialist Who Upset NY Primary: Just Like Bernie, She Has Radical Ideas That Can Never Be Paid For. https://t.co/f64BRv8hzG",Thu Jun 28 00:06:03 +0000 2018,-0.0258,0.104,0.108,0.788,8
Fox,"Bill Shine, former Fox News co-president, to take on senior communications role at White House. https://t.co/33ZNi2jUTA",Wed Jun 27 23:57:01 +0000 2018,0.0,0.0,0.0,1.0,9
Fox,Firefighters in Maine helped a 97-year-old widow of a World War II veteran with the patriotic task of raising a new‚Ä¶ https://t.co/x1hWo6uK5N,Wed Jun 27 23:53:32 +0000 2018,-0.5994,0.0,0.178,0.822,10
Fox,".@gen_jackkeane on upcoming @POTUS meeting with Russian President Putin: ""A meeting like this does give [Putin] a s‚Ä¶ https://t.co/GTThjAfrpC",Wed Jun 27 23:47:28 +0000 2018,0.3612,0.128,0.0,0.872,11
Fox,".@RepGoodlatte on the hearing with embattled FBI agent Peter Strzok: ""Unfortunately the FBI counsel in the room has‚Ä¶ https://t.co/8wNf54TZZL",Wed Jun 27 23:39:45 +0000 2018,-0.34,0.0,0.118,0.882,12
Fox,".@benshapiro: ""I think the next wave of Democrats are going to be much closer @BernieSanders brand Democrats than e‚Ä¶ https://t.co/wh7X126Fcz",Wed Jun 27 23:29:08 +0000 2018,0.0,0.0,0.0,1.0,13
Fox,".@POTUS arrives in Fargo, North Dakota for a campaign rally. (Courtesy: KXJB) https://t.co/z4rJZ3bwor",Wed Jun 27 23:24:56 +0000 2018,0.0,0.0,0.0,1.0,14
Fox,"Reacting to the retirement of Supreme Court Justice Kennedy, @SenSchumer said that Republicans ""in the Senate shoul‚Ä¶ https://t.co/7tVMU2Kosh",Wed Jun 27 23:22:29 +0000 2018,0.7906,0.304,0.0,0.696,15
Fox,"Nonprofit operator of shelters for immigrant kids tells of bomb threats, staff harassment. https://t.co/PqbaVSGv0X",Wed Jun 27 23:16:04 +0000 2018,-0.8591,0.0,0.463,0.537,16
Fox,".@mercedesschlapp on a time frame for @POTUS' Supreme Court justice nomination: ""He wants to move quickly on this.""‚Ä¶ https://t.co/LwxRvkhK0B",Wed Jun 27 23:09:56 +0000 2018,0.7906,0.304,0.0,0.696,17
Fox,".@mercedesschlapp on @POTUS' meeting with Justice Kennedy: ""The president was incredibly thankful for Justice Kenne‚Ä¶ https://t.co/io1XItu3Ep",Wed Jun 27 23:06:27 +0000 2018,0.8955,0.454,0.0,0.546,18
Fox,New York Times details conditions of Obama-era family detention center: 'No place for human beings' https://t.co/hhjytlYXjl,Wed Jun 27 22:55:32 +0000 2018,-0.5719,0.0,0.251,0.749,19
Fox,"Charles Hurt on replacing Justice Kennedy: ""The greatest 'Never-Trumper' has to admit that Neil Gorsuch was a huge‚Ä¶ https://t.co/yLgXv8VXm2",Wed Jun 27 22:52:41 +0000 2018,0.7184,0.351,0.127,0.522,20
Fox,".@jonathanvswan on replacing Justice Kennedy: ""[@POTUS] now knows both the political force of this decision and the‚Ä¶ https://t.co/1H2j2UyO4J",Wed Jun 27 22:48:18 +0000 2018,0.5267,0.167,0.0,0.833,21
Fox,"Maine firefighters help military widow, 97, 'proudly' raise American flag https://t.co/Hvnk9wlZIx",Wed Jun 27 22:43:58 +0000 2018,0.4019,0.213,0.0,0.787,22
Fox,President @realDonaldTrump is traveling the country to endorse candidates in the GOP primaries. @pdoocy has the sto‚Ä¶ https://t.co/wWNBysi26Q,Wed Jun 27 22:43:25 +0000 2018,0.3182,0.119,0.0,0.881,23
Fox,"Justice Anthony Kennedy in 1988: ""It is appropriate to recognize an essential truth, and that is that the Constitut‚Ä¶ https://t.co/6aQ8yI8sf5",Wed Jun 27 22:24:51 +0000 2018,0.6908,0.241,0.0,0.759,24
Fox,A political storm is brewing as President @realDonaldTrump looks to replace Supreme Court Justice Anthony Kennedy.‚Ä¶ https://t.co/XLRzMUOUKh,Wed Jun 27 22:18:26 +0000 2018,0.7906,0.333,0.0,0.667,25
Fox,A seat on the Supreme Court is opening up as Justice Anthony Kennedy gets ready to retire. @ShannonBream has the la‚Ä¶ https://t.co/M273ec1d6V,Wed Jun 27 22:16:25 +0000 2018,0.8591,0.345,0.0,0.655,26
Fox,"Leonard Leo on Justice Kennedy retiring: ""[@POTUS] had enormous success in nominating Neil Gorsuch to the court. An‚Ä¶ https://t.co/kbcddSdAfX",Wed Jun 27 22:14:44 +0000 2018,0.7964,0.295,0.0,0.705,27
Fox,New York man witnesses daughter's marriage days before losing battle to cancer https://t.co/hZrWXHR7dV,Wed Jun 27 22:07:54 +0000 2018,-0.8625,0.0,0.49,0.51,28
Fox,THURSDAY: @BretBaier and @marthamaccallum moderate the Florida GOP gubernatorial debate at 6:30p ET on Fox News Cha‚Ä¶ https://t.co/RDhzC2eu3Z,Wed Jun 27 21:58:52 +0000 2018,0.0,0.0,0.0,1.0,29
Fox,"Hawaii emergency workers slept on the job, emails showed in aftermath of the fake missile alert. https://t.co/EVzIMJzvge",Wed Jun 27 21:53:52 +0000 2018,-0.5423,0.1,0.26,0.639,30
Fox,"Maxine Waters, Kathy Griffin, Samantha Bee, others targeted in RNC campaign ad criticizing the 'unhinged left' https://t.co/vnWVPRywel",Wed Jun 27 21:48:30 +0000 2018,-0.3612,0.0,0.135,0.865,31
Fox,"Janoris Jenkins' brother is charged with manslaughter in the death at the NFL star's home, officials say. https://t.co/4L0kg5khCb",Wed Jun 27 21:40:57 +0000 2018,-0.6908,0.0,0.263,0.737,32
Fox,"Moments ago, @VP thanked Justice Anthony Kennedy for his service on the U.S. Supreme Court following Kennedy's anno‚Ä¶ https://t.co/45qnpf5Nrf",Wed Jun 27 21:37:13 +0000 2018,0.872,0.382,0.0,0.618,33
Fox,".@kimguilfoyle on @repjoecrowley's primary loss: ""He should have showed up for everything and not mailed it in, he‚Ä¶ https://t.co/yMKIiA2aLb",Wed Jun 27 21:28:30 +0000 2018,-0.3182,0.0,0.113,0.887,34
Fox,"California man, 77, accused of killing fire captain, charged with capital murder. https://t.co/sSc72Q4prH",Wed Jun 27 21:20:21 +0000 2018,-0.9382,0.0,0.66,0.34,35
Fox,".@JesseBWatters: ""This definitely moves the court to the right and it really puts the pressure on [Justice] Ginsbur‚Ä¶ https://t.co/UHqvV4zFkv",Wed Jun 27 21:14:04 +0000 2018,0.0609,0.122,0.111,0.767,36
Fox,An all-new season of 'OBJECTified' premieres this Sunday with NBA legend @MagicJohnson! Tune in to Fox News Channel‚Ä¶ https://t.co/1Q0L8B3ZKj,Wed Jun 27 21:12:58 +0000 2018,0.0,0.0,0.0,1.0,37
Fox,Benghazi mastermind sentenced to 22 years in prison on federal terrorism charges. https://t.co/33Y6lI7LAE,Wed Jun 27 21:08:18 +0000 2018,-0.8779,0.0,0.552,0.448,38
Fox,"Janoris Jenkins' brother is person of interest in death at NFL star's home, reports say https://t.co/q7Y9XdOY5l",Wed Jun 27 20:56:56 +0000 2018,-0.2263,0.144,0.187,0.67,39
Fox,.@SenSchumer Demands Congress Use 'Biden Rule' in Choosing Kennedy Replacement https://t.co/gyJCSfYRGq,Wed Jun 27 20:42:00 +0000 2018,0.0,0.0,0.0,1.0,40
Fox,"Bob Vander Plaats on Justice Kennedy retiring: ""I think this is an opportunity to restore a culture of life in this‚Ä¶ https://t.co/hzQHiOR22k",Wed Jun 27 20:31:53 +0000 2018,0.8126,0.318,0.0,0.682,41
Fox,"Bob Vander Plaats on Justice Kennedy retiring: ""If [Justice Neil] Gorsuch is a standard, we'd like to see another G‚Ä¶ https://t.co/VgYpLsLUNp",Wed Jun 27 20:31:09 +0000 2018,0.7096,0.247,0.0,0.753,42
Fox,".@RandPaul on Justice Kennedy's retirement: ""No matter who President @realDonaldTrump picks will be divided along p‚Ä¶ https://t.co/GkyXVcBsrH",Wed Jun 27 20:25:58 +0000 2018,0.3182,0.217,0.106,0.676,43
Fox,Who are the Supreme Court justices? https://t.co/0VMFK0PBoY,Wed Jun 27 20:19:43 +0000 2018,0.5574,0.375,0.0,0.625,44
Fox,"Tom Dupree: ""Justice Kennedy has been the swing vote on the Supreme Court for the last decade plus. We are going to‚Ä¶ https://t.co/QwQhPaCQYf",Wed Jun 27 20:18:09 +0000 2018,0.7906,0.25,0.0,0.75,45
Fox,".@johnrobertsFox on Justice Kennedy retiring: ""[@POTUS] has the opportunity to cement a 5-4 conservative majority a‚Ä¶ https://t.co/1qcFCg8FtA",Wed Jun 27 20:15:57 +0000 2018,0.7351,0.307,0.0,0.693,46
Fox,Supreme Court Justice Anthony Kennedy announced Wednesday that he's retiring at the end of July. @ShannonBream has‚Ä¶ https://t.co/8mttwhZRbT,Wed Jun 27 20:07:46 +0000 2018,0.7906,0.304,0.0,0.696,47
Fox,".@SenateMajLdr on Justice Kennedy retiring: ""First and foremost, I want to pause and express our gratitude for the‚Ä¶ https://t.co/vhk5eHGtCm",Wed Jun 27 20:01:27 +0000 2018,0.7906,0.348,0.0,0.652,48
Fox,.@AmbJohnBolton visits Moscow to talk possible US-Russia summit @ShepNewsTeam https://t.co/q1k8BHCj3W https://t.co/MODPY7wg2A,Wed Jun 27 19:59:43 +0000 2018,0.0,0.0,0.0,1.0,49
Fox,"Sen. @ChuckGrassley, chairman of @senjudiciary, speaks after the announcement of Supreme Court Justice Kennedy's re‚Ä¶ https://t.co/ybqvasevub",Wed Jun 27 19:58:43 +0000 2018,0.7906,0.333,0.0,0.667,50
Fox,North Korea continues construction of nuclear research facility despite agreement to 'denuclearize': report https://t.co/jmGYjmVDpv,Wed Jun 27 19:50:04 +0000 2018,-0.3875,0.0,0.168,0.832,51
Fox,"Supreme Court Justice Kennedy in his retirement letter to @POTUS: ""For a member of the legal profession it is the h‚Ä¶ https://t.co/hFqMcH8XcJ",Wed Jun 27 19:41:06 +0000 2018,0.8176,0.321,0.0,0.679,52
Fox,Kennedy replacement could face battles seen by the hotly contested nominations of Bork and Thomas. https://t.co/NkZZl3fR3L,Wed Jun 27 19:31:02 +0000 2018,-0.3818,0.0,0.148,0.852,53
Fox,".@SenSchumer: ""Our Republican colleagues in the Senate should follow the rule they set in 2016: not to consider a S‚Ä¶ https://t.co/0YuO4g9srk",Wed Jun 27 19:29:01 +0000 2018,0.0,0.0,0.0,1.0,54
Fox,Supreme Court Justice Anthony Kennedy released this statement Wednesday after announcing his retirement.‚Ä¶ https://t.co/pQWz7XYB7u,Wed Jun 27 19:20:00 +0000 2018,0.7906,0.368,0.0,0.632,55
Fox,"Chris Wallace on Justice Kennedy's retirement and the next Supreme Court pick: ""I think this is the biggest moment‚Ä¶ https://t.co/EQiWkTYJu7",Wed Jun 27 19:16:10 +0000 2018,0.7906,0.28,0.0,0.72,56
Fox,".@SenateMajLdr on Justice Kennedy retiring: ""Today the Senate and the nation thank Justice Kennedy for his years of‚Ä¶ https://t.co/BqOAYAW39y",Wed Jun 27 19:08:26 +0000 2018,0.8519,0.368,0.0,0.632,57
Fox,"President @realDonaldTrump on immigration: ""We believe in very strong borders, no crime. And the Democrats believe‚Ä¶ https://t.co/g3kBid4vX0",Wed Jun 27 19:01:47 +0000 2018,-0.3336,0.153,0.253,0.594,58
Fox,"President @realDonaldTrump on meeting with Vladimir Putin: ""It would look like we will probably be meeting sometime‚Ä¶ https://t.co/VVuUqncwry",Wed Jun 27 18:59:43 +0000 2018,0.3612,0.128,0.0,0.872,59
Fox,"President @realDonaldTrump on immigration: ""We believe that families should be together."" https://t.co/Rdhl3AQGWv",Wed Jun 27 18:57:04 +0000 2018,0.0,0.0,0.0,1.0,60
Fox,"President @realDonaldTrump: ""We have a list of 25 people that I actually had during my election.""‚Ä¶ https://t.co/Jg9saPTf1E",Wed Jun 27 18:52:29 +0000 2018,0.0,0.0,0.0,1.0,61
Fox,"President @realDonaldTrump on Justice Kennedy retiring: ""Hopefully we're gonna pick somebody who will be as outstan‚Ä¶ https://t.co/3Df7Rh5Gpu",Wed Jun 27 18:51:26 +0000 2018,0.7269,0.289,0.0,0.711,62
Fox,"President @realDonaldTrump on Justice Kennedy retiring: ""We will begin our search for a new justice of the United S‚Ä¶ https://t.co/kg0zzcBlS4",Wed Jun 27 18:49:45 +0000 2018,0.8625,0.375,0.0,0.625,63
Fox,"President @realDonaldTrump on Justice Kennedy retiring: ""He is a man who has displayed tremendous vision and tremen‚Ä¶ https://t.co/Wr8WzbxJZD",Wed Jun 27 18:45:40 +0000 2018,0.6597,0.265,0.0,0.735,64
Fox,"President @realDonaldTrump on Justice Kennedy retiring: ""He's a man that I've known for a long time and a man that‚Ä¶ https://t.co/VTE5XuJPMs",Wed Jun 27 18:43:37 +0000 2018,0.5267,0.167,0.0,0.833,65
Fox,".@SenateMajLdr: ""It's imperative that @POTUS' nominee be considered fairly and not subjected to personal attacks.""‚Ä¶ https://t.co/xJChrD9tC3",Wed Jun 27 18:41:24 +0000 2018,0.0,0.0,0.0,1.0,66
Fox,".@SenateMajLdr: ""As in the case of Justice Gorsuch, senators will have the opportunity to meet with @POTUS' nominee‚Ä¶ https://t.co/YIL0l6JHaT",Wed Jun 27 18:39:56 +0000 2018,0.7351,0.267,0.0,0.733,67
Fox,.@POTUS speaks as Justice Anthony Kennedy says he's retiring effective July 31. https://t.co/7Do7LBbAzT  https://t.co/N78qS5Orid,Wed Jun 27 18:39:10 +0000 2018,0.7579,0.351,0.0,0.649,68
Fox,".@SenateMajLdr: ""We will vote to confirm Justice Kennedy's successor this fall."" https://t.co/7Do7LBbAzT https://t.co/tnxDRWAfdx",Wed Jun 27 18:38:12 +0000 2018,0.6486,0.325,0.0,0.675,69
Fox,".@SenateMajLdr: ""The Senate stands ready to fulfill its constitutional role by offering advice and consent on Presi‚Ä¶ https://t.co/Y3SuRrRslS",Wed Jun 27 18:37:22 +0000 2018,0.743,0.327,0.0,0.673,70
Fox,".@SenateMajLdr: ""As Justice Kennedy concludes his tenure on the court, we wish him, his wife Mary and their family‚Ä¶ https://t.co/opa1tx9wTQ",Wed Jun 27 18:35:39 +0000 2018,0.7269,0.253,0.0,0.747,71
Fox,"Chris Wallace on Justice Kennedy retiring: ""A Supreme Court nominee can either be a huge legacy builder for a presi‚Ä¶ https://t.co/30pMea3hUI",Wed Jun 27 18:32:41 +0000 2018,0.8519,0.368,0.0,0.632,72
Fox,"Chris Wallace on Justice Kennedy retiring: ""Replacing him with a solid conservative is enormously important.""‚Ä¶ https://t.co/A2qQOmui4P",Wed Jun 27 18:28:52 +0000 2018,0.6124,0.278,0.0,0.722,73
Fox,Justice Kennedy announces plan to retire https://t.co/7Do7LBbAzT @dailybriefing https://t.co/SVSrt1St0V,Wed Jun 27 18:23:27 +0000 2018,0.5267,0.298,0.0,0.702,74
Fox,Justice Kennedy announces plan to retire https://t.co/7Do7LBbAzT https://t.co/9qB5Mn3u41,Wed Jun 27 18:17:04 +0000 2018,0.5267,0.327,0.0,0.673,75
Fox,Supreme Court Justice Anthony Kennedy says he's retiring effective July 31. Kennedy stepping down would mark a seco‚Ä¶ https://t.co/O7D0XkDXsw,Wed Jun 27 18:12:07 +0000 2018,0.8779,0.402,0.0,0.598,76
Fox,BREAKING NEWS: Supreme Court Justice Anthony Kennedy to retire. https://t.co/7Do7LBbAzT https://t.co/3BWyEvTm8k,Wed Jun 27 18:08:38 +0000 2018,0.7906,0.438,0.0,0.562,77
Fox,.@GOP compromise immigration bill defeated on House floor https://t.co/PFqehcwp8b,Wed Jun 27 18:06:09 +0000 2018,-0.4767,0.0,0.279,0.721,78
Fox,Strawberry Moon and Saturn to put on dazzling display this week https://t.co/dQRUiwUF78,Wed Jun 27 17:52:02 +0000 2018,0.0,0.0,0.0,1.0,79
Fox,House voting on @GOP immigration bill #OutnumberedOT https://t.co/pf5VaiSrVR,Wed Jun 27 17:48:36 +0000 2018,0.0,0.0,0.0,1.0,80
Fox,"Delaware police find abandoned home -- in the middle of the road
https://t.co/vMOSNb2IXE",Wed Jun 27 17:45:32 +0000 2018,-0.4588,0.0,0.2,0.8,81
Fox,THURSDAY: @BretBaier and @marthamaccallum moderate the Florida GOP gubernatorial debate at 6:30p ET on Fox News Cha‚Ä¶ https://t.co/dVtQIGyy27,Wed Jun 27 17:29:23 +0000 2018,0.0,0.0,0.0,1.0,82
Fox,"Halo Top is 'dramatically' under-filling pints, lawsuit alleges https://t.co/KKweNTKPFU",Wed Jun 27 17:16:54 +0000 2018,-0.0258,0.168,0.178,0.654,83
Fox,University ends restrictive campus speech policy after student group's lawsuit (via @calebparke) https://t.co/4zxwcTSwFx,Wed Jun 27 17:09:07 +0000 2018,-0.2263,0.0,0.137,0.863,84
Fox,OPINION: @LizPeek: Trump's success has Democrats freaking out ‚Äì But that's still no excuse for bad behavior https://t.co/A4EzI9jySn,Wed Jun 27 16:57:17 +0000 2018,-0.7684,0.15,0.374,0.475,85
Fox,Joe Jackson's life and career: 3 things to know about the famous patriarch https://t.co/LDYI7aaZfX,Wed Jun 27 16:53:41 +0000 2018,0.0,0.0,0.0,1.0,86
Fox,"RT @FoxBusiness: .@POTUS: ""Thanks to our massive tax cuts, young men and women entering the workforce are keeping more and more of the mone‚Ä¶",Wed Jun 27 16:52:37 +0000 2018,0.1779,0.107,0.081,0.812,87
Fox,"RT @FoxBusiness: .@POTUS: ""Unemployment for people under the age of 24 is the lowest in almost 50 years."" https://t.co/BkFj7J9Xmy",Wed Jun 27 16:47:12 +0000 2018,-0.6705,0.0,0.244,0.756,88
Fox,"RT @FoxBusiness: .@POTUS: ""Our economy is booming. Confidence is soaring. There's never been a  better time to be young and to be American.‚Ä¶",Wed Jun 27 16:46:59 +0000 2018,0.2249,0.128,0.094,0.778,89
Fox,Joe Jackson reportedly dead at 89: Celebs react to the loss of the famous patriarch https://t.co/xD7E4YtygS https://t.co/WDW1ZThHBY,Wed Jun 27 16:46:25 +0000 2018,-0.765,0.0,0.306,0.694,90
Fox,"RT @FoxBusiness: .@POTUS: ""We must honor and respect our great American Flag."" https://t.co/HMkUF7dw7Y",Wed Jun 27 16:34:46 +0000 2018,0.886,0.51,0.0,0.49,91
Fox,"RT @FoxBusiness: .@POTUS: ""You have to believe in protecting the entire Constitution, as written, including the right to free speech. And t‚Ä¶",Wed Jun 27 16:34:35 +0000 2018,0.5106,0.136,0.0,0.864,92
Fox,"RT @FoxBusiness: .@POTUS: ""We believe in free speech on college campuses, not censorship. Institutions of higher learning should be forms f‚Ä¶",Wed Jun 27 16:34:29 +0000 2018,0.5106,0.142,0.0,0.858,93
Fox,"RT @FoxBusiness: .@POTUS: ""From a military standpoint, space. You know all about 'space force.' Space is a very big factor in the Trump adm‚Ä¶",Wed Jun 27 16:34:23 +0000 2018,0.0,0.0,0.0,1.0,94
Fox,"JUST IN: Man accused of driving into crowd at Charlottesville rally, killing 1 person, charged with federal hate cr‚Ä¶ https://t.co/aS4zIhAcGy",Wed Jun 27 16:32:42 +0000 2018,-0.9022,0.0,0.446,0.554,95
Fox,U.S. National Security Advisor John Bolton holds a news conference. https://t.co/kzBKUo0UVJ,Wed Jun 27 16:19:54 +0000 2018,0.34,0.211,0.0,0.789,96
Fox,".@POTUS delivers remarks at the ""Face-to-Face With Our Future"" event. https://t.co/CmtgwMhNMK",Wed Jun 27 16:18:47 +0000 2018,0.0,0.0,0.0,1.0,97
Fox,"RT @FoxBusiness: Larry Kudlow: ""President Trump is a trade reformer...Don't blame him for all the evils and the breakdown of the WTO and ot‚Ä¶",Wed Jun 27 16:14:52 +0000 2018,-0.3948,0.076,0.138,0.785,98
Fox,"RT @FoxBusiness: Larry Kudlow: ""[President Trump] is a free trader and he would like to see a new world trading system. The current one is‚Ä¶",Wed Jun 27 16:14:42 +0000 2018,0.7003,0.216,0.0,0.784,99
Fox,"RT @FoxBusiness: Larry Kudlow on his health: ""I feel great. Great to be back. To quote one of my heroes Mark Twain: 'Rumors of my demise we‚Ä¶",Wed Jun 27 16:14:28 +0000 2018,0.91,0.324,0.0,0.676,100
New_York_Times,"On a big day in the World Cup, here‚Äôs a diversion: We removed the ball from photos of group-stage games. See if you‚Ä¶ https://t.co/PjBxxz2DxG",Thu Jun 28 00:32:07 +0000 2018,0.0,0.0,0.0,1.0,1
New_York_Times,"RT @emilybazelon: Well, here are my thoughts on the retirement of Justice Kennedy.

https://t.co/4vEYBgHMZK",Thu Jun 28 00:17:05 +0000 2018,0.6705,0.314,0.0,0.686,2
New_York_Times,A Kansas City immigration lawyer said she broke her foot after being pushed to the ground by an ICE officer. She wa‚Ä¶ https://t.co/utMRWvXuEX,Thu Jun 28 00:02:07 +0000 2018,-0.4215,0.0,0.118,0.882,3
New_York_Times,The front-runners and full list of potential Supreme Court nominees https://t.co/zxRZ41GWLu,Wed Jun 27 23:47:06 +0000 2018,0.5574,0.265,0.0,0.735,4
New_York_Times,"Terry Crews says he won't be in ""The Expendables 4"" after a producer tried to get him to drop his sexual assault la‚Ä¶ https://t.co/zTlHKBR7KL",Wed Jun 27 23:32:06 +0000 2018,-0.7096,0.0,0.219,0.781,5
New_York_Times,"RT @nytopinion: My father, Fred Korematsu, would have been upset that the court overturned his case only to uphold President Trump‚Äôs travel‚Ä¶",Wed Jun 27 23:17:04 +0000 2018,-0.3818,0.0,0.11,0.89,6
New_York_Times,"In 1983, the slashed, scarred body of a 23-year-old black man was discovered in a grassy roadside area in a Georgia‚Ä¶ https://t.co/k51to4KlDm",Wed Jun 27 23:03:03 +0000 2018,-0.2263,0.0,0.095,0.905,7
New_York_Times,Evening Briefing: Here's what you need to know at the end of the day https://t.co/ejfYV4pKni,Wed Jun 27 22:47:05 +0000 2018,0.0,0.0,0.0,1.0,8
New_York_Times,"The world‚Äôs tropical forests lost roughly 39 million acres of trees last year, an area roughly the size of Banglade‚Ä¶ https://t.co/3xx3rdpeNY",Wed Jun 27 22:32:05 +0000 2018,-0.3182,0.0,0.103,0.897,9
New_York_Times,"RT @nytvideo: ‚ÄúWomen like me aren‚Äôt supposed to run for office,‚Äù Alexandria Ocasio-Cortez said in a campaign video last month. In a stunnin‚Ä¶",Wed Jun 27 22:17:04 +0000 2018,0.3612,0.111,0.0,0.889,10
New_York_Times,"Germany, the defending World Cup champion, took its earliest exit from the tournament since 1938 https://t.co/e0hFEMidIb",Wed Jun 27 22:01:06 +0000 2018,0.5994,0.206,0.0,0.794,11
New_York_Times,"RT @NYTSports: For women who work as sports reporters, #MeToo isn‚Äôt just a movement, it‚Äôs often their everyday reality. https://t.co/o0YbUp‚Ä¶",Wed Jun 27 21:51:05 +0000 2018,0.0,0.0,0.0,1.0,12
New_York_Times,"13 years after escaping from a Wichita zoo, No. 492 is the flamingo that keeps on surviving https://t.co/7uhrgQx1hJ",Wed Jun 27 21:42:02 +0000 2018,0.0516,0.173,0.112,0.714,13
New_York_Times,RT @malachybrowne: A peek behind our investigation into claims by Syrian and Russian officials that the chemical weapons attack in Douma on‚Ä¶,Wed Jun 27 21:26:06 +0000 2018,-0.7184,0.0,0.24,0.76,14
New_York_Times,"A year and a half after a New York Times correspondent was kicked out of Venezuela, he returned to see how people a‚Ä¶ https://t.co/7jChD5QJC5",Wed Jun 27 21:11:44 +0000 2018,0.0,0.0,0.0,1.0,15
New_York_Times,"On the streets of Caracas, homeless kids play with a wad of bol√≠var bills like it‚Äôs Monopoly money. All of this isn‚Ä¶ https://t.co/a27fQZPuyJ",Wed Jun 27 21:06:21 +0000 2018,0.5994,0.197,0.0,0.803,16
New_York_Times,Runaway inflation has thrown Venezuela into chaos and made food and medicine desperately scarce‚Ä¶ https://t.co/p8Vk9of1Z1,Wed Jun 27 21:03:18 +0000 2018,-0.743,0.0,0.326,0.674,17
New_York_Times,The police officer who killed Antwon Rose failed basic police procedures and made statements to investigators that‚Ä¶ https://t.co/yLyFUvUOwL,Wed Jun 27 20:55:02 +0000 2018,-0.8316,0.0,0.328,0.672,18
New_York_Times,Trump administration officials that it would be difficult to comply with the timetable in a federal court order req‚Ä¶ https://t.co/WnK6hCWr9w,Wed Jun 27 20:40:06 +0000 2018,-0.3612,0.0,0.122,0.878,19
New_York_Times,Stories of how we communicate about sex and intimacy are rare. That‚Äôs where you come in. https://t.co/WgP4PnJa0m,Wed Jun 27 20:25:03 +0000 2018,0.0,0.0,0.0,1.0,20
New_York_Times,Breaking News: Senate Majority Leader Mitch McConnell promised a quick vote on a Supreme Court nominee by fall. Dem‚Ä¶ https://t.co/5TmPPJ6Glh,Wed Jun 27 20:14:57 +0000 2018,0.7269,0.276,0.0,0.724,21
New_York_Times,Teachers‚Äô unions could lose up to a third of their members and funding as a result of the Supreme Court decision https://t.co/cPDS7sOlgc,Wed Jun 27 20:10:05 +0000 2018,0.2263,0.148,0.111,0.741,22
New_York_Times,Thousands of fans gathered in Florida for a memorial service to mourn the controversial rapper XXXTentacion https://t.co/S7EzgTBuL1,Wed Jun 27 19:55:03 +0000 2018,-0.5574,0.0,0.247,0.753,23
New_York_Times,"RT @nytopinion: What does the Supreme Court decision on unions mean? Several takes here:

""Workers are standing up and fighting, and they h‚Ä¶",Wed Jun 27 19:40:12 +0000 2018,0.2732,0.133,0.092,0.775,24
New_York_Times,Mitch McConnell said the Senate would vote to replace Justice Anthony Kennedy this fall https://t.co/DbdzxTgpnE,Wed Jun 27 19:25:04 +0000 2018,0.5267,0.195,0.0,0.805,25
New_York_Times,Switzerland dominated possession in the first half of their match against Costa Rica. But as Germany showed earlier‚Ä¶ https://t.co/DU2HxkLmhp,Wed Jun 27 19:10:08 +0000 2018,0.0,0.0,0.0,1.0,26
New_York_Times,Benicio Del Toro is now one of only a few Latinos to headline a film franchise released by Hollywood https://t.co/Uxz6HFiZhH,Wed Jun 27 18:55:07 +0000 2018,0.0,0.0,0.0,1.0,27
New_York_Times,"There are over 100,000 people on the waiting list to join the dating app Raya https://t.co/FLQ5gZWbm5",Wed Jun 27 18:42:34 +0000 2018,0.296,0.128,0.0,0.872,28
New_York_Times,The U.S. Open is revamping its seeding process to protect women returning to the court after giving birth. Serena W‚Ä¶ https://t.co/NULz1eKCTz,Wed Jun 27 18:25:03 +0000 2018,0.6124,0.208,0.0,0.792,29
New_York_Times,"Breaking News: Anthony Kennedy is retiring from the Supreme Court. He was often the swing vote, and President Trump‚Ä¶ https://t.co/ojdg7urbeq",Wed Jun 27 18:11:25 +0000 2018,0.5574,0.159,0.0,0.841,30
New_York_Times,Breaking News: The House overwhelmingly rejected a major immigration overhaul. A last-minute plea from President Tr‚Ä¶ https://t.co/FaJ105bHjK,Wed Jun 27 18:00:01 +0000 2018,-0.5859,0.0,0.27,0.73,31
New_York_Times,Here‚Äôs a look at how each team can make the round of 16 https://t.co/FF4ZdmV9tn,Wed Jun 27 17:53:39 +0000 2018,0.0,0.0,0.0,1.0,32
New_York_Times,Both Brazil and Serbia are looking for a win in order to advance to the World Cup round of 16. Expect a competitive‚Ä¶ https://t.co/R0oPoZy7sv,Wed Jun 27 17:51:56 +0000 2018,0.5859,0.153,0.0,0.847,33
New_York_Times,A member of Brazil's soccer federation was sent home to Brazil after smashing a glass on a fan's head. And you thou‚Ä¶ https://t.co/Y4Qp3sr2BZ,Wed Jun 27 17:35:03 +0000 2018,0.0,0.0,0.0,1.0,34
New_York_Times,"Joe Jackson, the father and manager of the Jackson 5, has died https://t.co/ZWhxupoKYU",Wed Jun 27 17:20:10 +0000 2018,-0.5574,0.0,0.231,0.769,35
New_York_Times,"The man accused of driving his car into people protesting a white supremacist rally in Charlottesville, Virginia wa‚Ä¶ https://t.co/uxsXz1QqDB",Wed Jun 27 17:06:46 +0000 2018,-0.5423,0.07,0.233,0.698,36
New_York_Times,Breaking News: President Trump and President Vladimir Putin of Russia will hold a summit soon. The planned meeting‚Ä¶ https://t.co/gdRwE4Gd1z,Wed Jun 27 16:54:00 +0000 2018,0.0,0.0,0.0,1.0,37
New_York_Times,Breaking News: The Justice Department approved Disney's $71 billion bid for 21st Century Fox's assets. The decision‚Ä¶ https://t.co/zWAST0A14E,Wed Jun 27 16:45:58 +0000 2018,0.7845,0.345,0.0,0.655,38
New_York_Times,"Bill Shine, ousted from Fox News for his handling of sexual harassment scandals, is expected to be offered the top‚Ä¶ https://t.co/TZhweMpySJ",Wed Jun 27 16:28:06 +0000 2018,-0.7717,0.0,0.261,0.739,39
New_York_Times,"The California Supreme Court calls it a ‚Äúbarbaric‚Äù rule from a ‚Äúbygone age."" But the felony murder rule is still th‚Ä¶ https://t.co/q7lRQibKIB",Wed Jun 27 16:13:05 +0000 2018,-0.9001,0.075,0.369,0.556,40
New_York_Times,"Germany, the defending World Cup champion, lost to South Korea and failed to advance out of the group stage. Mexico‚Ä¶ https://t.co/ath6QUMX4R",Wed Jun 27 15:58:45 +0000 2018,-0.1779,0.142,0.204,0.655,41
New_York_Times,"Video review has come to the World Cup, and it probably just knocked the defending champion Germany out of the tour‚Ä¶ https://t.co/Jl9sDRbvIG",Wed Jun 27 15:56:33 +0000 2018,0.5994,0.157,0.0,0.843,42
New_York_Times,RT @nytopinion: Does Donald Trump fear foreigners invading America like he fears germs contaminating his body? Watch Episode 3 of @realtrum‚Ä¶,Wed Jun 27 15:53:06 +0000 2018,-0.5423,0.098,0.235,0.667,43
New_York_Times,Because Slack is down and you might have to actually talk to your coworkers ¬Ø\_(„ÉÑ)_/¬Ø https://t.co/W52HIDHdEf,Wed Jun 27 15:49:03 +0000 2018,0.0,0.0,0.0,1.0,44
New_York_Times,A police officer was charged with criminal homicide in the fatal shooting of teenager Antwon Rose  https://t.co/0qvGG0RSQ4,Wed Jun 27 15:43:02 +0000 2018,-0.8271,0.0,0.401,0.599,45
New_York_Times,RT @randyNYT: Notice the accent marks on Mexico's World Cup jerseys? A New York Times editor @apchavira did that: https://t.co/7169yQMwqw,Wed Jun 27 15:33:04 +0000 2018,0.0,0.0,0.0,1.0,46
New_York_Times,"Germany probably advances in the World Cup with a win, but might not, and probably doesn‚Äôt advance with a loss, but‚Ä¶ https://t.co/jAi6tGii3T",Wed Jun 27 15:23:06 +0000 2018,-0.1406,0.103,0.126,0.771,47
New_York_Times,"RT @HannaIngber: Our politics editor, @patrickhealynyt, is inviting readers to ask him questions about how we're covering the midterms. Ple‚Ä¶",Wed Jun 27 15:13:03 +0000 2018,0.3182,0.108,0.0,0.892,48
New_York_Times,Russia demonstrated that one response to fielding an unwelcome question is to ask a different question. And another‚Ä¶ https://t.co/uaabtuxMS1,Wed Jun 27 15:03:06 +0000 2018,-0.4019,0.0,0.137,0.863,49
New_York_Times,"RT @mattfleg: Was just going back through some notes from our chat w/ @Ocasio2018 many weeks ago. This stood out: ""There‚Äôs this weird mascu‚Ä¶",Wed Jun 27 14:58:26 +0000 2018,-0.2204,0.0,0.075,0.925,50
New_York_Times,"""The violent act of a fan is sad,"" she wrote, but what is even worse, she added, is the reaction of those who do no‚Ä¶ https://t.co/FYiFx0HKyj",Wed Jun 27 14:43:02 +0000 2018,-0.714,0.055,0.218,0.727,51
New_York_Times,Mexico and Sweden are hoping to clinch advancement to the second round of World Cup. Chicharito (Javier Hernandez)‚Ä¶ https://t.co/gad8LqyAW5,Wed Jun 27 14:33:06 +0000 2018,0.4215,0.135,0.0,0.865,52
New_York_Times,"RT @mwolgelenter: ‚ÄúThe enemies of a meat-based diet want to consign humanity to grains.‚Äù @alissanyt, on French butchers seeking protection‚Ä¶",Wed Jun 27 14:23:04 +0000 2018,-0.4404,0.06,0.149,0.791,53
New_York_Times,"Breaking News: The Supreme Court dealt a major blow to labor unions, ruling 5-4 that government workers can‚Äôt be re‚Ä¶ https://t.co/Iyqs5AYU82",Wed Jun 27 14:13:14 +0000 2018,0.5574,0.159,0.0,0.841,54
New_York_Times,"RT @fstockman: A primer for what happened last night in NY. ‚ÄòYes, I‚Äôm Running as a #Socialist.‚Äô Why Candidates Are Embracing the Label in 2‚Ä¶",Wed Jun 27 14:00:05 +0000 2018,0.0,0.0,0.0,1.0,55
New_York_Times,"RT @NYTSports: The Mexican player known as ""Chucky"" has been a nightmare for opponents at the World Cup. And there may be more like him on‚Ä¶",Wed Jun 27 13:45:07 +0000 2018,0.4201,0.104,0.0,0.896,56
New_York_Times,The murals started appearing quietly in Paris last week. Now they're confirmed as the work of Banksy ‚Äî and the race‚Ä¶ https://t.co/eZoGJjSDeq,Wed Jun 27 13:31:02 +0000 2018,0.0,0.0,0.0,1.0,57
New_York_Times,The search for a dozen boys and their soccer coach trapped in a flooded cave complex has captivated Thailand https://t.co/1LQB1CFzM0,Wed Jun 27 13:21:06 +0000 2018,-0.2023,0.118,0.155,0.727,58
New_York_Times,"A year and a half after a New York Times correspondent was kicked out of Venezuela, he returned to see how people a‚Ä¶ https://t.co/HtNogoyDhd",Wed Jun 27 13:10:41 +0000 2018,0.0,0.0,0.0,1.0,59
New_York_Times,Morning¬†Briefing: Here's what you need to know to start your day https://t.co/EfR5ZryQxl https://t.co/zqewCJApCz,Wed Jun 27 13:00:19 +0000 2018,0.0,0.0,0.0,1.0,60
New_York_Times,"A shooting in which a woman gunned down four of her relatives, killing two, has rattled Hong Kong, a city where suc‚Ä¶ https://t.co/xaDP4Jo42X",Wed Jun 27 12:44:03 +0000 2018,-0.6597,0.0,0.188,0.812,61
New_York_Times,"President Trump has chosen a more moderate approach to limit Chinese investments in the United States, rejecting mo‚Ä¶ https://t.co/K423hIY9vc",Wed Jun 27 12:30:04 +0000 2018,-0.0516,0.128,0.138,0.734,62
New_York_Times,"""The unfortunate reality is that under the present system, migrant children are not accounted for with the same eff‚Ä¶ https://t.co/bx2vRTeyEn",Wed Jun 27 12:16:06 +0000 2018,-0.4588,0.0,0.136,0.864,63
New_York_Times,A political revolution ‚Äî or something like it ‚Äî just rippled through New York City https://t.co/Y0F0wPNONI,Wed Jun 27 11:50:04 +0000 2018,0.3612,0.172,0.0,0.828,64
New_York_Times,The Korematsu ruling was an exceedingly rare modern example in which the Supreme Court explicitly upheld government‚Ä¶ https://t.co/yUWSZBmg3Y,Wed Jun 27 11:41:06 +0000 2018,0.5574,0.175,0.0,0.825,65
New_York_Times,"Justice Sonia Sotomayor condemned the travel ban as ""harrowing"" and ""motivated by hostility and animus toward the M‚Ä¶ https://t.co/JqxzB2lrOo",Wed Jun 27 11:30:03 +0000 2018,-0.5574,0.211,0.329,0.461,66
New_York_Times,RT @nytgraphics: Charts illustrating some of the effects of Trump's travel ban so far:  https://t.co/6a3wAmRUPn https://t.co/eqWjGnfI8r,Wed Jun 27 11:20:03 +0000 2018,-0.5574,0.0,0.194,0.806,67
New_York_Times,What the Supreme Court's endorsement of the travel ban says about the extent of the president's power https://t.co/jsDBQuSBQD,Wed Jun 27 11:11:07 +0000 2018,0.3182,0.241,0.147,0.612,68
New_York_Times,"Fact check: No, Democrats don't want ""open borders"" https://t.co/91CrZV9ahM",Wed Jun 27 11:00:06 +0000 2018,-0.3447,0.0,0.328,0.672,69
New_York_Times,Results for elections in 7 states https://t.co/MAme5UnNmP https://t.co/sXLPiAvuny,Wed Jun 27 10:44:06 +0000 2018,0.0,0.0,0.0,1.0,70
New_York_Times,"""I knew that it was long odds, and I knew that it was uphill, but I always knew it was possible,"" Alexandria Ocasio‚Ä¶ https://t.co/Nhy8yHPad6",Wed Jun 27 10:30:12 +0000 2018,0.0,0.0,0.0,1.0,71
New_York_Times,"The seized items included $30 million in cash, 2,800 pairs of earrings, 2,200 rings, 2,100 bangles, 1,600 brooches,‚Ä¶ https://t.co/zRJ8B871Xz",Wed Jun 27 10:16:02 +0000 2018,0.0,0.0,0.0,1.0,72
New_York_Times,Morning¬†Briefing: Here's what you need to know to start your day https://t.co/aTMTe1uUWB https://t.co/e8MWX047Hr,Wed Jun 27 10:00:13 +0000 2018,0.0,0.0,0.0,1.0,73
New_York_Times,"""The odds are that Trump will deliver a G-7 performance. And I fear that we will come out of this summit with symbo‚Ä¶ https://t.co/ARkcwTr80i",Wed Jun 27 09:44:02 +0000 2018,-0.4939,0.0,0.132,0.868,74
New_York_Times,"""It's surreal,"" Alexandria Ocasio-Cortez said as the votes were being tallied https://t.co/9QOMSSi0yQ",Wed Jun 27 09:30:06 +0000 2018,0.0,0.0,0.0,1.0,75
New_York_Times,"""There was no divine intervention here. Just hard, human work. Argentina made it. Messi made it,"" @RorySmith writes https://t.co/4vq9QC4Yhc",Wed Jun 27 09:15:07 +0000 2018,0.25,0.155,0.155,0.69,76
New_York_Times,"French butchers wrote that ""physical, verbal, and moral violence‚Äù against them was ""neither more nor less than a fo‚Ä¶ https://t.co/ma5AGPkE3G",Wed Jun 27 09:00:04 +0000 2018,0.0,0.0,0.0,1.0,77
New_York_Times,"RT @nytimesworld: Remember the ""ecce homo"" in Spain that was one of the worst restoration projects in modern history? It has new competitio‚Ä¶",Wed Jun 27 08:44:01 +0000 2018,-0.6249,0.0,0.157,0.843,78
New_York_Times,"There's a lot of trash in the ocean these days. But which of these items is most frequently found on beaches?
‚Ä¢ Str‚Ä¶ https://t.co/816BGF7zsk",Wed Jun 27 08:30:09 +0000 2018,0.0,0.0,0.0,1.0,79
New_York_Times,RT @nytimesworld: Malta says it will let a rescue ship carrying hundreds of African migrants dock ‚Äî if other European countries agree to ta‚Ä¶,Wed Jun 27 08:15:09 +0000 2018,0.7003,0.225,0.0,0.775,80
New_York_Times,"McKinsey is a keeper of secrets the world over. But in South Africa, its culture of confidentiality helped ensnare‚Ä¶ https://t.co/fe85ixkHpJ",Wed Jun 27 08:02:02 +0000 2018,0.0,0.0,0.0,1.0,81
New_York_Times,These photos from the World Cup are missing one important element ‚Äì the ball. See if you can guess where it was.‚Ä¶ https://t.co/yTduHCwFOO,Wed Jun 27 07:47:08 +0000 2018,-0.1027,0.075,0.092,0.833,82
New_York_Times,The murals started appearing quietly in Paris last week. Now they're confirmed as the work of Banksy ‚Äî and the race‚Ä¶ https://t.co/5a5tfayiCs,Wed Jun 27 07:32:02 +0000 2018,0.0,0.0,0.0,1.0,83
New_York_Times,500 died. 50 villages destroyed. Tens of thousands displaced. Yet this is not a war zone. It is farm country in Nig‚Ä¶ https://t.co/affhI8Tseq,Wed Jun 27 07:17:01 +0000 2018,-0.5653,0.109,0.235,0.656,84
New_York_Times,Who Is Alexandria Ocasio-Cortez? A Democratic Giant Slayer https://t.co/RKe0g4XUGF,Wed Jun 27 07:15:10 +0000 2018,0.0,0.0,0.0,1.0,85
New_York_Times,A dozen Australian politicians were treated to lavish overseas trips by a Chinese technology company that is alread‚Ä¶ https://t.co/8vhhubGV8B,Wed Jun 27 07:02:04 +0000 2018,0.0,0.0,0.0,1.0,86
New_York_Times,RT @NYTScience: How spiders ride the wind https://t.co/OJJBFK9q1c https://t.co/xL9BUcotqG,Wed Jun 27 06:33:01 +0000 2018,0.0,0.0,0.0,1.0,87
New_York_Times,"In Italy, Immigrants Evoke Fear, Not Racism https://t.co/kLelNBZD33",Wed Jun 27 06:10:35 +0000 2018,0.0243,0.264,0.256,0.48,88
New_York_Times,"Remember the ""ecce homo"" painting in Spain that was called one of the worst restoration projects in modern history?‚Ä¶ https://t.co/wZkdcsNXEr",Wed Jun 27 06:02:02 +0000 2018,-0.6249,0.0,0.177,0.823,89
New_York_Times,"RT @nytimesarts: ""You are causing suffering and division,"" David Lynch wrote to President Trump on Facebook. https://t.co/LGrlem92wF",Wed Jun 27 05:31:06 +0000 2018,-0.4767,0.0,0.162,0.838,90
New_York_Times,President Trump has often lauded Harley-Davidson as a U.S. icon and job creator. Now he's lashing out over its plan‚Ä¶ https://t.co/4GXnm6bdzP,Wed Jun 27 05:03:07 +0000 2018,0.0,0.0,0.0,1.0,91
New_York_Times,Scientists have captured the clearest and most detailed image yet of Zika. The work could contribute to the develop‚Ä¶ https://t.co/Te0E7JwNZd,Wed Jun 27 04:47:03 +0000 2018,0.0,0.0,0.0,1.0,92
New_York_Times,RT @nytimesarts: The American Library Association is dropping Laura Ingalls Wilder‚Äôs name from a prestigious children‚Äôs literature award be‚Ä¶,Wed Jun 27 04:32:03 +0000 2018,0.5423,0.171,0.0,0.829,93
New_York_Times,The U.S. must stop taking migrant children from their parents at the border and reunite separated families within 3‚Ä¶ https://t.co/ROVpKjDX27,Wed Jun 27 04:12:36 +0000 2018,-0.296,0.0,0.104,0.896,94
New_York_Times,McKinsey rolled the dice on South Africa and lost. Here‚Äôs the story behind the biggest mistake in the consulting fi‚Ä¶ https://t.co/w7TlqHkQQy,Wed Jun 27 04:02:04 +0000 2018,-0.5719,0.0,0.198,0.802,95
New_York_Times,RT @nytpolitics: Chief Justice John Roberts spoke clinically. Justice Stephen Breyer spoke analytically. Then it was Justice Sonia Sotomayo‚Ä¶,Wed Jun 27 03:51:06 +0000 2018,0.8807,0.389,0.0,0.611,96
New_York_Times,"Rare White Alligator Stolen During Fire That Killed 43 Reptiles, Officials Say https://t.co/PniipSRw1Z",Wed Jun 27 03:42:43 +0000 2018,-0.8779,0.0,0.502,0.498,97
New_York_Times,"Here's the 2018 election calendar 
https://t.co/x9wJt4d8o3",Wed Jun 27 03:32:05 +0000 2018,0.0,0.0,0.0,1.0,98
New_York_Times,"RT @nytopinion: From last week, the @nytopinion Editorial Board: Joseph Crowley has decades of experience that can serve his constituents w‚Ä¶",Wed Jun 27 03:17:02 +0000 2018,0.0,0.0,0.0,1.0,99
New_York_Times,"Utah election live results
https://t.co/90ls5wda5g",Wed Jun 27 03:02:05 +0000 2018,0.0,0.0,0.0,1.0,100
